genome	rate	I_alg	S_alg	k	d	kmer_count	index_bytes	Unnamed: 8	pref	S_time_s	S_mem_kb	I_time_s	I_mem_kb	Q_time_s	Q_mem_kb	qType	num_queries	SI_time_s	SI_mem_kb	SIalg	bits_per_kmer	bits_per_ref_kmer	Q_time_per_query_ms	plot	alg	algorithm	qTypeLabel
Ecoli-pang	0.1	SSHash	prophasm	15	NA	36962717	262105940	0	sshash.escherichia_coli.k63.S_prophasm.k_15.d_na	115.65	1568624	30.46	1502948	2.71	259820	Neg	1000000	146.11	1568624	SSHash - prophasm	56.23396137248244	5.623396137248244	2.71	subsampl	2	SSHash(spss)	-
Ecoli-pang	0.1	SSHash	prophasm	15	NA	36962717	262105940	0	sshash.escherichia_coli.k63.S_prophasm.k_15.d_na	115.65	1568624	30.46	1502948	1.98	259716	Pos	1000000	146.11	1568624	SSHash - prophasm	56.211452204663416	5.621145220466342	1.98	subsampl	2	SSHash(spss)	+
Ecoli-pang	0.1	bwa	prophasm	15	NA	36962717	1662903694	0	bwa.escherichia_coli.k63.S_prophasm.k_15.d_na	115.65	1568624	405	3015516	19.97	3429344	Neg	1000000	520.65	3015516	bwa - prophasm	742.2276885111016	74.22276885111016	19.97	subsampl	1	BWA(spss)	-
Ecoli-pang	0.1	bwa	prophasm	15	NA	36962717	1662903694	0	bwa.escherichia_coli.k63.S_prophasm.k_15.d_na	115.65	1568624	405	3015516	24.790000000000003	3429344	Pos	1000000	520.65	3015516	bwa - prophasm	742.2276885111016	74.22276885111016	24.790000000000003	subsampl	1	BWA(spss)	+
Ecoli-pang	0.1	cbl	none	15	NA	36962717	182000891	0	cbl.escherichia_coli.k63.S_none.k_15.d_na	NA	NA	45.989999999999995	931564	3.41	930776	Neg	1000000	45.989999999999995	931564	cbl - none	201.45185755689982	20.145185755689983	3.41	subsampl	6	CBL	-
Ecoli-pang	0.1	cbl	none	15	NA	36962717	182000891	0	cbl.escherichia_coli.k63.S_none.k_15.d_na	NA	NA	45.989999999999995	931564	3.47	930776	Pos	1000000	45.989999999999995	931564	cbl - none	201.45185755689982	20.145185755689983	3.47	subsampl	6	CBL	+
Ecoli-pang	0.1	fmsi	global	15	NA	36962717	45743820	0	fmsi.escherichia_coli.k63.S_global.k_15.d_na	163.02	1707400	30.15	1507500	2.86	38836	Neg	1000000	193.17	1707400	fmsi - global	8.405442705956924	0.8405442705956925	2.86	subsampl	7	FMSI(superstr)	-
Ecoli-pang	0.1	fmsi	global	15	NA	36962717	45743820	0	fmsi.escherichia_coli.k63.S_global.k_15.d_na	163.02	1707400	30.15	1507500	3.36	38836	Pos	1000000	193.17	1707400	fmsi - global	8.405442705956924	0.8405442705956925	3.36	subsampl	7	FMSI(superstr)	+
Ecoli-pang	0.1	fmsi	local	15	1	36962717	193974696	0	fmsi.escherichia_coli.k63.S_local.k_15.d_1	130.7	552848	182.72	7039692	6.4	148080	Neg	1000000	313.41999999999996	7039692	fmsi - local	32.049592025391426	3.204959202539143	6.4	subsampl	8	FMSI(spss)	-
Ecoli-pang	0.1	fmsi	local	15	1	36962717	193974696	0	fmsi.escherichia_coli.k63.S_local.k_15.d_1	130.7	552848	182.72	7039692	5.02	148080	Pos	1000000	313.41999999999996	7039692	fmsi - local	32.049592025391426	3.204959202539143	5.02	subsampl	8	FMSI(spss)	+
Ecoli-pang	0.1	sbwt	none	15	0	36962717	96114072	0	sbwt.escherichia_coli.k63.S_none.k_15.d_0	NA	NA	1200.05	14697268	1.11	123276	Neg	1000000	1200.05	14697268	sbwt - none	26.681155500554787	2.6681155500554787	1.11	subsampl	3	SBWT-fast	-
Ecoli-pang	0.1	sbwt	none	15	0	36962717	96114072	0	sbwt.escherichia_coli.k63.S_none.k_15.d_0	NA	NA	1200.05	14697268	1.4	123276	Pos	1000000	1200.05	14697268	sbwt - none	26.681155500554787	2.6681155500554787	1.4	subsampl	3	SBWT-fast	+
Ecoli-pang	0.1	sbwt	none	15	1	36962717	56525954	0	sbwt.escherichia_coli.k63.S_none.k_15.d_1	NA	NA	591.5400000000001	8161960	10.57	84732	Neg	1000000	591.5400000000001	8161960	sbwt - none	18.338911611935888	1.8338911611935889	10.57	subsampl	4	SBWT-small	-
Ecoli-pang	0.1	sbwt	none	15	1	36962717	56525954	0	sbwt.escherichia_coli.k63.S_none.k_15.d_1	NA	NA	591.5400000000001	8161960	12.64	84736	Pos	1000000	591.5400000000001	8161960	sbwt - none	18.339777349159696	1.8339777349159698	12.64	subsampl	4	SBWT-small	+
Ecoli-pang	0.1	SSHash	prophasm	23	NA	117227291	1182823316	0	sshash.escherichia_coli.k63.S_prophasm.k_23.d_na	428.13	5577272	106.77	5317428	4.51	1158924	Neg	1000000	534.9	5577272	SSHash - prophasm	79.08902373253682	7.908902373253682	4.51	subsampl	2	SSHash(spss)	-
Ecoli-pang	0.1	SSHash	prophasm	23	NA	117227291	1182823316	0	sshash.escherichia_coli.k63.S_prophasm.k_23.d_na	428.13	5577272	106.77	5317428	3.02	1158924	Pos	1000000	534.9	5577272	SSHash - prophasm	79.08902373253682	7.908902373253682	3.02	subsampl	2	SSHash(spss)	+
Ecoli-pang	0.1	bwa	prophasm	23	NA	117227291	7889741707	0	bwa.escherichia_coli.k63.S_prophasm.k_23.d_na	428.13	5577272	2709.73	11884324	79.09	14259800	Neg	1000000	3137.86	11884324	bwa - prophasm	973.1385842568008	97.31385842568008	79.09	subsampl	1	BWA(spss)	-
Ecoli-pang	0.1	bwa	prophasm	23	NA	117227291	7889741707	0	bwa.escherichia_coli.k63.S_prophasm.k_23.d_na	428.13	5577272	2709.73	11884324	81.88	14259792	Pos	1000000	3137.86	11884324	bwa - prophasm	973.138038308844	97.31380383088441	81.88	subsampl	1	BWA(spss)	+
Ecoli-pang	0.1	cbl	none	23	NA	117227291	595232876	0	cbl.escherichia_coli.k63.S_none.k_23.d_na	NA	NA	128.44	1321176	6.52	1209460	Neg	1000000	128.44	1321176	cbl - none	82.53777697549967	8.253777697549967	6.52	subsampl	6	CBL	-
Ecoli-pang	0.1	cbl	none	23	NA	117227291	595232876	0	cbl.escherichia_coli.k63.S_none.k_23.d_na	NA	NA	128.44	1321176	5.91	1209460	Pos	1000000	128.44	1321176	cbl - none	82.53777697549967	8.253777697549967	5.91	subsampl	6	CBL	+
Ecoli-pang	0.1	fmsi	global	23	NA	117227291	347399656	0	fmsi.escherichia_coli.k63.S_global.k_23.d_na	1295.38	5516436	249.89	12477224	6.68	262908	Neg	1000000	1545.27	12477224	fmsi - global	17.94176067755417	1.7941760677554173	6.68	subsampl	7	FMSI(superstr)	-
Ecoli-pang	0.1	fmsi	global	23	NA	117227291	347399656	0	fmsi.escherichia_coli.k63.S_global.k_23.d_na	1295.38	5516436	249.89	12477224	7.930000000000001	262908	Pos	1000000	1545.27	12477224	fmsi - global	17.94176067755417	1.7941760677554173	7.930000000000001	subsampl	7	FMSI(superstr)	+
Ecoli-pang	0.1	fmsi	local	23	1	117227291	1021875490	0	fmsi.escherichia_coli.k63.S_local.k_23.d_1	510.47	2199364	857.34	40403288	7.989999999999999	741908	Neg	1000000	1367.81	40403288	fmsi - local	50.63039458960115	5.063039458960116	7.989999999999999	subsampl	8	FMSI(spss)	-
Ecoli-pang	0.1	fmsi	local	23	1	117227291	1021875490	0	fmsi.escherichia_coli.k63.S_local.k_23.d_1	510.47	2199364	857.34	40403288	6.89	741908	Pos	1000000	1367.81	40403288	fmsi - local	50.63039458960115	5.063039458960116	6.89	subsampl	8	FMSI(spss)	+
Ecoli-pang	0.1	sbwt	none	23	0	117227291	1081413528	0	sbwt.escherichia_coli.k63.S_none.k_23.d_0	NA	NA	7765.05	69305396	2.36	1085528	Neg	1000000	7765.05	69305396	sbwt - none	74.08022420308254	7.408022420308254	2.36	subsampl	3	SBWT-fast	-
Ecoli-pang	0.1	sbwt	none	23	0	117227291	1081413528	0	sbwt.escherichia_coli.k63.S_none.k_23.d_0	NA	NA	7765.05	69305396	3.79	1085528	Pos	1000000	7765.05	69305396	sbwt - none	74.08022420308254	7.408022420308254	3.79	subsampl	3	SBWT-fast	+
Ecoli-pang	0.1	sbwt	none	23	1	117227291	437315706	0	sbwt.escherichia_coli.k63.S_none.k_23.d_1	NA	NA	4237.38	48327532	17.55	456600	Neg	1000000	4237.38	48327532	sbwt - none	31.159979633070254	3.1159979633070254	17.55	subsampl	4	SBWT-small	-
Ecoli-pang	0.1	sbwt	none	23	1	117227291	437315706	0	sbwt.escherichia_coli.k63.S_none.k_23.d_1	NA	NA	4237.38	48327532	26.81	456600	Pos	1000000	4237.38	48327532	sbwt - none	31.159979633070254	3.1159979633070254	26.81	subsampl	4	SBWT-small	+
Ecoli-pang	0.1	SSHash	prophasm	31	NA	132379499	1574136462	0	sshash.escherichia_coli.k63.S_prophasm.k_31.d_na	557.22	5769848	116.34	5854872	6.220000000000001	1541096	Neg	1000000	673.5600000000001	5854872	SSHash - prophasm	93.13200377046297	9.313200377046298	6.220000000000001	subsampl	2	SSHash(spss)	-
Ecoli-pang	0.1	SSHash	prophasm	31	NA	132379499	1574136462	0	sshash.escherichia_coli.k63.S_prophasm.k_31.d_na	557.22	5769848	116.34	5854872	4	1541096	Pos	1000000	673.5600000000001	5854872	SSHash - prophasm	93.13200377046297	9.313200377046298	4	subsampl	2	SSHash(spss)	+
Ecoli-pang	0.1	bwa	prophasm	31	NA	132379499	10613583870	0	bwa.escherichia_coli.k63.S_prophasm.k_31.d_na	557.22	5769848	4263.71	13893220	74.92	17506944	Neg	1000000	4820.93	13893220	bwa - prophasm	1057.9852096282673	105.79852096282673	74.92	subsampl	1	BWA(spss)	-
Ecoli-pang	0.1	bwa	prophasm	31	NA	132379499	10613583870	0	bwa.escherichia_coli.k63.S_prophasm.k_31.d_na	557.22	5769848	4263.71	13893220	68.57	17506944	Pos	1000000	4820.93	13893220	bwa - prophasm	1057.9852096282673	105.79852096282673	68.57	subsampl	1	BWA(spss)	+
Ecoli-pang	0.1	cbl	none	31	NA	132379499	913404918	0	cbl.escherichia_coli.k63.S_none.k_31.d_na	NA	NA	164.69	1745752	6.58	1496980	Neg	1000000	164.69	1745752	cbl - none	90.46597162299277	9.046597162299276	6.58	subsampl	6	CBL	-
Ecoli-pang	0.1	cbl	none	31	NA	132379499	913404918	0	cbl.escherichia_coli.k63.S_none.k_31.d_na	NA	NA	164.69	1745752	6.85	1496980	Pos	1000000	164.69	1745752	cbl - none	90.46597162299277	9.046597162299276	6.85	subsampl	6	CBL	+
Ecoli-pang	0.1	fmsi	global	31	NA	132379499	508617312	0	fmsi.escherichia_coli.k63.S_global.k_31.d_na	1935.39	6160112	386.58	18768712	7.29	379872	Neg	1000000	2321.9700000000003	18768712	fmsi - global	22.956545559973755	2.2956545559973756	7.29	subsampl	7	FMSI(superstr)	-
Ecoli-pang	0.1	fmsi	global	31	NA	132379499	508617312	0	fmsi.escherichia_coli.k63.S_global.k_31.d_na	1935.39	6160112	386.58	18768712	10.87	379872	Pos	1000000	2321.9700000000003	18768712	fmsi - global	22.956545559973755	2.2956545559973756	10.87	subsampl	7	FMSI(superstr)	+
Ecoli-pang	0.1	fmsi	local	31	1	132379499	1530513940	0	fmsi.escherichia_coli.k63.S_local.k_31.d_1	651.38	2199396	1349.86	61453152	8.700000000000001	1103196	Neg	1000000	2001.24	61453152	fmsi - local	66.66869165292732	6.6668691652927325	8.700000000000001	subsampl	8	FMSI(spss)	-
Ecoli-pang	0.1	fmsi	local	31	1	132379499	1530513940	0	fmsi.escherichia_coli.k63.S_local.k_31.d_1	651.38	2199396	1349.86	61453152	9.72	1103196	Pos	1000000	2001.24	61453152	fmsi - local	66.66869165292732	6.6668691652927325	9.72	subsampl	8	FMSI(spss)	+
Ecoli-pang	0.1	sbwt	none	31	0	132379499	2169762904	0	sbwt.escherichia_coli.k63.S_none.k_31.d_0	NA	NA	14980.57	69304400	3.58	2148376	Neg	1000000	14980.57	69304400	sbwt - none	129.8313419361105	12.98313419361105	3.58	subsampl	3	SBWT-fast	-
Ecoli-pang	0.1	sbwt	none	31	0	132379499	2169762904	0	sbwt.escherichia_coli.k63.S_none.k_31.d_0	NA	NA	14980.57	69304400	5.949999999999999	2148376	Pos	1000000	14980.57	69304400	sbwt - none	129.8313419361105	12.98313419361105	5.949999999999999	subsampl	3	SBWT-fast	+
Ecoli-pang	0.1	sbwt	none	31	1	132379499	775318754	0	sbwt.escherichia_coli.k63.S_none.k_31.d_1	NA	NA	6843.88	69301184	19.67	786696	Neg	1000000	6843.88	69301184	sbwt - none	47.541862958704804	4.754186295870481	19.67	subsampl	4	SBWT-small	-
Ecoli-pang	0.1	sbwt	none	31	1	132379499	775318754	0	sbwt.escherichia_coli.k63.S_none.k_31.d_1	NA	NA	6843.88	69301184	39.54	786696	Pos	1000000	6843.88	69301184	sbwt - none	47.541862958704804	4.754186295870481	39.54	subsampl	4	SBWT-small	+
Ecoli-pang	1	SSHash	prophasm	15	NA	369627173	1012277882	0	sshash.escherichia_coli.k63.S_prophasm.k_15.d_na	1916.39	14842800	117.69	6361948	5.69	992420	Neg	1000000	2034.08	14842800	SSHash - prophasm	21.479373216968547	21.479373216968547	5.69	isol	2	SSHash(spss)	-
Ecoli-pang	1	SSHash	prophasm	15	NA	369627173	1012277882	0	sshash.escherichia_coli.k63.S_prophasm.k_15.d_na	1916.39	14842800	117.69	6361948	4.04	992416	Pos	1000000	2034.08	14842800	SSHash - prophasm	21.47928664324687	21.47928664324687	4.04	isol	2	SSHash(spss)	+
Ecoli-pang	1	SSHash	prophasm	15	NA	369627173	1012277882	0	sshash.escherichia_coli.k63.S_prophasm.k_15.d_na	1916.39	14842800	117.69	6361948	7.010000000000001	992420	Str	2860000	2034.08	14842800	SSHash - prophasm	21.479373216968547	21.479373216968547	2.4510489510489513	stream	2	SSHash(spss)	
Ecoli-pang	1	bwa	prophasm	15	NA	369627173	2327320470	0	bwa.escherichia_coli.k63.S_prophasm.k_15.d_na	1916.39	14842800	738.83	3319108	21.630000000000003	4074556	Neg	1000000	2655.22	14842800	bwa - prophasm	88.18736927655479	88.18736927655479	21.630000000000003	isol	1	BWA(spss)	-
Ecoli-pang	1	bwa	prophasm	15	NA	369627173	2327320470	0	bwa.escherichia_coli.k63.S_prophasm.k_15.d_na	1916.39	14842800	738.83	3319108	25.78	4074556	Pos	1000000	2655.22	14842800	bwa - prophasm	88.18736927655479	88.18736927655479	25.78	isol	1	BWA(spss)	+
Ecoli-pang	1	bwa	prophasm	15	NA	369627173	2327320470	0	bwa.escherichia_coli.k63.S_prophasm.k_15.d_na	1916.39	14842800	738.83	3319108	29.35	4074560	Str	2860000	2655.22	14842800	bwa - prophasm	88.18745585027646	88.18745585027646	10.262237762237762	stream	1	BWA(spss)	
Ecoli-pang	1	cbl	none	15	NA	369627173	864398209	0	cbl.escherichia_coli.k63.S_none.k_15.d_na	NA	NA	1077.85	1453480	8.01	1151280	Neg	1000000	1077.85	1453480	cbl - none	24.91764857341806	24.91764857341806	8.01	isol	6	CBL	-
Ecoli-pang	1	cbl	none	15	NA	369627173	864398209	0	cbl.escherichia_coli.k63.S_none.k_15.d_na	NA	NA	1077.85	1453480	8.27	1151280	Pos	1000000	1077.85	1453480	cbl - none	24.91764857341806	24.91764857341806	8.27	isol	6	CBL	+
Ecoli-pang	1	cbl	none	15	NA	369627173	864398209	0	cbl.escherichia_coli.k63.S_none.k_15.d_na	NA	NA	1077.85	1453480	9.4	1151280	Str	2860000	1077.85	1453480	cbl - none	24.91764857341806	24.91764857341806	3.2867132867132867	stream	6	CBL	
Ecoli-pang	1	fmsi	global	15	NA	369627173	180830392	0	fmsi.escherichia_coli.k63.S_global.k_15.d_na	1128.48	16771008	140.76	7041664	7.109999999999999	135236	Neg	1000000	1269.24	16771008	fmsi - global	2.9269709562180917	2.9269709562180917	7.109999999999999	isol	7	FMSI(superstr)	-
Ecoli-pang	1	fmsi	global	15	NA	369627173	180830392	0	fmsi.escherichia_coli.k63.S_global.k_15.d_na	1128.48	16771008	140.76	7041664	4.92	135236	Pos	1000000	1269.24	16771008	fmsi - global	2.9269709562180917	2.9269709562180917	4.92	isol	7	FMSI(superstr)	+
Ecoli-pang	1	fmsi	global	15	NA	369627173	180830392	0	fmsi.escherichia_coli.k63.S_global.k_15.d_na	1128.48	16771008	140.76	7041664	5.54	186984	Str	2860000	1269.24	16771008	fmsi - global	4.046975193568899	4.046975193568899	1.937062937062937	stream	7	FMSI(superstr)	
Ecoli-pang	1	fmsi	local	15	1	369627173	355376896	0	fmsi.escherichia_coli.k63.S_local.k_15.d_1	671.72	4395868	465.82	12863048	5.46	268192	Neg	1000000	1137.54	12863048	fmsi - local	5.804594891079613	5.804594891079613	5.46	isol	8	FMSI(spss)	-
Ecoli-pang	1	fmsi	local	15	1	369627173	355376896	0	fmsi.escherichia_coli.k63.S_local.k_15.d_1	671.72	4395868	465.82	12863048	4.9	268192	Pos	1000000	1137.54	12863048	fmsi - local	5.804594891079613	5.804594891079613	4.9	isol	8	FMSI(spss)	+
Ecoli-pang	1	fmsi	local	15	1	369627173	355376896	0	fmsi.escherichia_coli.k63.S_local.k_15.d_1	671.72	4395868	465.82	12863048	4.91	362748	Str	2860000	1137.54	12863048	fmsi - local	7.8511110978304615	7.8511110978304615	1.7167832167832169	stream	8	FMSI(spss)	
Ecoli-pang	1	sbwt	none	15	0	369627173	393831416	0	sbwt.escherichia_coli.k63.S_none.k_15.d_0	NA	NA	531.7	28175624	1.5299999999999998	413856	Neg	1000000	531.7	28175624	sbwt - none	8.957263539712757	8.957263539712757	1.5299999999999998	isol	3	SBWT-fast	-
Ecoli-pang	1	sbwt	none	15	0	369627173	393831416	0	sbwt.escherichia_coli.k63.S_none.k_15.d_0	NA	NA	531.7	28175624	1.61	413856	Pos	1000000	531.7	28175624	sbwt - none	8.957263539712757	8.957263539712757	1.61	isol	3	SBWT-fast	+
Ecoli-pang	1	sbwt	none	15	0	369627173	393831416	0	sbwt.escherichia_coli.k63.S_none.k_15.d_0	NA	NA	531.7	28175624	0.8	504120	Str	2860000	531.7	28175624	sbwt - none	10.910886143102905	10.910886143102905	0.27972027972027974	stream	3	SBWT-fast	
Ecoli-pang	1	sbwt	none	15	1	369627173	323272738	0	sbwt.escherichia_coli.k63.S_none.k_15.d_1	NA	NA	414.03	14106132	12.51	345228	Neg	1000000	414.03	14106132	sbwt - none	7.471918196879968	7.471918196879968	12.51	isol	4	SBWT-small	-
Ecoli-pang	1	sbwt	none	15	1	369627173	323272738	0	sbwt.escherichia_coli.k63.S_none.k_15.d_1	NA	NA	414.03	14106132	13.010000000000002	345232	Pos	1000000	414.03	14106132	sbwt - none	7.472004770601647	7.472004770601647	13.010000000000002	isol	4	SBWT-small	+
Ecoli-pang	1	sbwt	none	15	1	369627173	323272738	0	sbwt.escherichia_coli.k63.S_none.k_15.d_1	NA	NA	414.03	14106132	5.45	414836	Str	2860000	414.03	14106132	sbwt - none	8.978474101523917	8.978474101523917	1.9055944055944056	stream	4	SBWT-small	
Ecoli-pang	1	SSHash	prophasm	23	NA	1172272910	1743831716	0	sshash.escherichia_coli.k63.S_prophasm.k_23.d_na	2772.24	50137832	447.49	10553756	3.56	1707548	Neg	1000000	3219.7300000000005	50137832	SSHash - prophasm	11.652904271241754	11.652904271241754	3.56	isol	2	SSHash(spss)	-
Ecoli-pang	1	SSHash	prophasm	23	NA	1172272910	1743831716	0	sshash.escherichia_coli.k63.S_prophasm.k_23.d_na	2772.24	50137832	447.49	10553756	3.2299999999999995	1707548	Pos	1000000	3219.7300000000005	50137832	SSHash - prophasm	11.652904271241754	11.652904271241754	3.2299999999999995	isol	2	SSHash(spss)	+
Ecoli-pang	1	SSHash	prophasm	23	NA	1172272910	1743831716	0	sshash.escherichia_coli.k63.S_prophasm.k_23.d_na	2772.24	50137832	447.49	10553756	3.83	1707548	Str	2780000	3219.7300000000005	50137832	SSHash - prophasm	11.652904271241754	11.652904271241754	1.3776978417266188	stream	2	SSHash(spss)	
Ecoli-pang	1	bwa	prophasm	23	NA	1172272910	3313708220	0	bwa.escherichia_coli.k63.S_prophasm.k_23.d_na	2772.24	50137832	1469.2	2531528	20.450000000000003	4050040	Neg	1000000	4241.4400000000005	50137832	bwa - prophasm	27.638888285834398	27.638888285834398	20.450000000000003	isol	1	BWA(spss)	-
Ecoli-pang	1	bwa	prophasm	23	NA	1172272910	3313708220	0	bwa.escherichia_coli.k63.S_prophasm.k_23.d_na	2772.24	50137832	1469.2	2531528	18.35	4050040	Pos	1000000	4241.4400000000005	50137832	bwa - prophasm	27.638888285834398	27.638888285834398	18.35	isol	1	BWA(spss)	+
Ecoli-pang	1	bwa	prophasm	23	NA	1172272910	3313708220	0	bwa.escherichia_coli.k63.S_prophasm.k_23.d_na	2772.24	50137832	1469.2	2531528	17.2	4050044	Str	2780000	4241.4400000000005	50137832	bwa - prophasm	27.638915583232237	27.638915583232237	6.18705035971223	stream	1	BWA(spss)	
Ecoli-pang	1	cbl	none	23	NA	1172272910	4820260613	0	cbl.escherichia_coli.k63.S_none.k_23.d_na	NA	NA	1124.65	6442548	29.25	4744032	Neg	1000000	1124.65	6442548	cbl - none	32.374932216082684	32.374932216082684	29.25	isol	6	CBL	-
Ecoli-pang	1	cbl	none	23	NA	1172272910	4820260613	0	cbl.escherichia_coli.k63.S_none.k_23.d_na	NA	NA	1124.65	6442548	28.79	4744032	Pos	1000000	1124.65	6442548	cbl - none	32.374932216082684	32.374932216082684	28.79	isol	6	CBL	+
Ecoli-pang	1	cbl	none	23	NA	1172272910	4820260613	0	cbl.escherichia_coli.k63.S_none.k_23.d_na	NA	NA	1124.65	6442548	28.58	4744032	Str	2780000	1124.65	6442548	cbl - none	32.374932216082684	32.374932216082684	10.280575539568344	stream	6	CBL	
Ecoli-pang	1	fmsi	global	23	NA	1172272910	556819721	0	fmsi.escherichia_coli.k63.S_global.k_23.d_na	4011.51	54062772	472.01	21588808	8.83	408812	Neg	1000000	4483.5199999999995	54062772	fmsi - global	2.789875951326044	2.789875951326044	8.83	isol	7	FMSI(superstr)	-
Ecoli-pang	1	fmsi	global	23	NA	1172272910	556819721	0	fmsi.escherichia_coli.k63.S_global.k_23.d_na	4011.51	54062772	472.01	21588808	10.99	408812	Pos	1000000	4483.5199999999995	54062772	fmsi - global	2.789875951326044	2.789875951326044	10.99	isol	7	FMSI(superstr)	+
Ecoli-pang	1	fmsi	global	23	NA	1172272910	556819721	0	fmsi.escherichia_coli.k63.S_global.k_23.d_na	4011.51	54062772	472.01	21588808	8.48	567528	Str	2780000	4483.5199999999995	54062772	fmsi - global	3.873009400174572	3.873009400174572	3.050359712230216	stream	7	FMSI(superstr)	
Ecoli-pang	1	fmsi	local	23	1	1172272910	747621554	0	fmsi.escherichia_coli.k63.S_local.k_23.d_1	1883.51	17568680	541.9	25828120	8.01	567864	Neg	1000000	2425.41	25828120	fmsi - local	3.875302381593037	3.875302381593037	8.01	isol	8	FMSI(spss)	-
Ecoli-pang	1	fmsi	local	23	1	1172272910	747621554	0	fmsi.escherichia_coli.k63.S_local.k_23.d_1	1883.51	17568680	541.9	25828120	8.61	567864	Pos	1000000	2425.41	25828120	fmsi - local	3.875302381593037	3.875302381593037	8.61	isol	8	FMSI(spss)	+
Ecoli-pang	1	fmsi	local	23	1	1172272910	747621554	0	fmsi.escherichia_coli.k63.S_local.k_23.d_1	1883.51	17568680	541.9	25828120	6.91	757748	Str	2780000	2425.41	25828120	fmsi - local	5.171137154402041	5.171137154402041	2.485611510791367	stream	8	FMSI(spss)	
Ecoli-pang	1	sbwt	none	23	0	1172272910	1252200120	0	sbwt.escherichia_coli.k63.S_none.k_23.d_0	NA	NA	1213.0500000000002	18996484	2.4	1252328	Neg	1000000	1213.0500000000002	18996484	sbwt - none	8.54632391018914	8.54632391018914	2.4	isol	3	SBWT-fast	-
Ecoli-pang	1	sbwt	none	23	0	1172272910	1252200120	0	sbwt.escherichia_coli.k63.S_none.k_23.d_0	NA	NA	1213.0500000000002	18996484	3.2	1252328	Pos	1000000	1213.0500000000002	18996484	sbwt - none	8.54632391018914	8.54632391018914	3.2	isol	3	SBWT-fast	+
Ecoli-pang	1	sbwt	none	23	0	1172272910	1252200120	0	sbwt.escherichia_coli.k63.S_none.k_23.d_0	NA	NA	1213.0500000000002	18996484	1.0499999999999998	1539772	Str	2780000	1213.0500000000002	18996484	sbwt - none	10.507942216288185	10.507942216288185	0.37769784172661863	stream	3	SBWT-fast	
Ecoli-pang	1	sbwt	none	23	1	1172272910	415117314	0	sbwt.escherichia_coli.k63.S_none.k_23.d_1	NA	NA	896.95	11175368	16.77	434920	Neg	1000000	896.95	11175368	sbwt - none	2.9680460670203495	2.9680460670203495	16.77	isol	4	SBWT-small	-
Ecoli-pang	1	sbwt	none	23	1	1172272910	415117314	0	sbwt.escherichia_coli.k63.S_none.k_23.d_1	NA	NA	896.95	11175368	23.5	434920	Pos	1000000	896.95	11175368	sbwt - none	2.9680460670203495	2.9680460670203495	23.5	isol	4	SBWT-small	+
Ecoli-pang	1	sbwt	none	23	1	1172272910	415117314	0	sbwt.escherichia_coli.k63.S_none.k_23.d_1	NA	NA	896.95	11175368	6.42	598216	Str	2780000	896.95	11175368	sbwt - none	4.082435036394384	4.082435036394384	2.3093525179856114	stream	4	SBWT-small	
Ecoli-pang	1	SSHash	prophasm	31	NA	1323794999	1249889476	0	sshash.escherichia_coli.k63.S_prophasm.k_31.d_na	3570.98	54872900	298.06	7062596	3.81	1224580	Neg	1000000	3869.04	54872900	SSHash - prophasm	7.4004207656022425	7.4004207656022425	3.81	isol	2	SSHash(spss)	-
Ecoli-pang	1	SSHash	prophasm	31	NA	1323794999	1249889476	0	sshash.escherichia_coli.k63.S_prophasm.k_31.d_na	3570.98	54872900	298.06	7062596	3.38	1224580	Pos	1000000	3869.04	54872900	SSHash - prophasm	7.4004207656022425	7.4004207656022425	3.38	isol	2	SSHash(spss)	+
Ecoli-pang	1	SSHash	prophasm	31	NA	1323794999	1249889476	0	sshash.escherichia_coli.k63.S_prophasm.k_31.d_na	3570.98	54872900	298.06	7062596	5.05	1224580	Str	2700000	3869.04	54872900	SSHash - prophasm	7.4004207656022425	7.4004207656022425	1.8703703703703705	stream	2	SSHash(spss)	
Ecoli-pang	1	bwa	prophasm	31	NA	1323794999	3628549125	0	bwa.escherichia_coli.k63.S_prophasm.k_31.d_na	3570.98	54872900	1597.09	2608608	26.07	4149060	Neg	1000000	5168.07	54872900	bwa - prophasm	25.07373122354574	25.07373122354574	26.07	isol	1	BWA(spss)	-
Ecoli-pang	1	bwa	prophasm	31	NA	1323794999	3628549125	0	bwa.escherichia_coli.k63.S_prophasm.k_31.d_na	3570.98	54872900	1597.09	2608608	18.26	4149060	Pos	1000000	5168.07	54872900	bwa - prophasm	25.07373122354574	25.07373122354574	18.26	isol	1	BWA(spss)	+
Ecoli-pang	1	bwa	prophasm	31	NA	1323794999	3628549125	0	bwa.escherichia_coli.k63.S_prophasm.k_31.d_na	3570.98	54872900	1597.09	2608608	17.35	4149064	Str	2700000	5168.07	54872900	bwa - prophasm	25.073755396472833	25.073755396472833	6.425925925925926	stream	1	BWA(spss)	
Ecoli-pang	1	cbl	none	31	NA	1323794999	8085788143	0	cbl.escherichia_coli.k63.S_none.k_31.d_na	NA	NA	1362.78	14486324	41.89	11148548	Neg	1000000	1362.78	14486324	cbl - none	67.37325950571898	67.37325950571898	41.89	isol	6	CBL	-
Ecoli-pang	1	cbl	none	31	NA	1323794999	8085788143	0	cbl.escherichia_coli.k63.S_none.k_31.d_na	NA	NA	1362.78	14486324	39.28	11148548	Pos	1000000	1362.78	14486324	cbl - none	67.37325950571898	67.37325950571898	39.28	isol	6	CBL	+
Ecoli-pang	1	cbl	none	31	NA	1323794999	8085788143	0	cbl.escherichia_coli.k63.S_none.k_31.d_na	NA	NA	1362.78	14486324	38.97	11148552	Str	2700000	1362.78	14486324	cbl - none	67.37328367864608	67.37328367864608	14.433333333333334	stream	6	CBL	
Ecoli-pang	1	fmsi	global	31	NA	1323794999	655579570	0	fmsi.escherichia_coli.k63.S_global.k_31.d_na	5325.43	60499516	535.21	25061772	7.65	482912	Neg	1000000	5860.64	60499516	fmsi - global	2.918349142365962	2.918349142365962	7.65	isol	7	FMSI(superstr)	-
Ecoli-pang	1	fmsi	global	31	NA	1323794999	655579570	0	fmsi.escherichia_coli.k63.S_global.k_31.d_na	5325.43	60499516	535.21	25061772	11.09	482912	Pos	1000000	5860.64	60499516	fmsi - global	2.918349142365962	2.918349142365962	11.09	isol	7	FMSI(superstr)	+
Ecoli-pang	1	fmsi	global	31	NA	1323794999	655579570	0	fmsi.escherichia_coli.k63.S_global.k_31.d_na	5325.43	60499516	535.21	25061772	5.86	667164	Str	2700000	5860.64	60499516	fmsi - global	4.031826683158515	4.031826683158515	2.1703703703703705	stream	7	FMSI(superstr)	
Ecoli-pang	1	fmsi	local	31	1	1323794999	857418570	0	fmsi.escherichia_coli.k63.S_local.k_31.d_1	1354.81	17568496	753.82	29537752	8.26	651188	Neg	1000000	2108.63	29537752	fmsi - local	3.9352800123397356	3.9352800123397356	8.26	isol	8	FMSI(spss)	-
Ecoli-pang	1	fmsi	local	31	1	1323794999	857418570	0	fmsi.escherichia_coli.k63.S_local.k_31.d_1	1354.81	17568496	753.82	29537752	11.27	651188	Pos	1000000	2108.63	29537752	fmsi - local	3.9352800123397356	3.9352800123397356	11.27	isol	8	FMSI(spss)	+
Ecoli-pang	1	fmsi	local	31	1	1323794999	857418570	0	fmsi.escherichia_coli.k63.S_local.k_31.d_1	1354.81	17568496	753.82	29537752	8.07	868352	Str	2700000	2108.63	29537752	fmsi - local	5.247652397272729	5.247652397272729	2.988888888888889	stream	8	FMSI(spss)	
Ecoli-pang	1	sbwt	none	31	0	1323794999	1417940088	0	sbwt.escherichia_coli.k63.S_none.k_31.d_0	NA	NA	1454.34	58633808	2.42	1414184	Neg	1000000	1454.34	58633808	sbwt - none	8.546241682848358	8.546241682848358	2.42	isol	3	SBWT-fast	-
Ecoli-pang	1	sbwt	none	31	0	1323794999	1417940088	0	sbwt.escherichia_coli.k63.S_none.k_31.d_0	NA	NA	1454.34	58633808	6.43	1414184	Pos	1000000	1454.34	58633808	sbwt - none	8.546241682848358	8.546241682848358	6.43	isol	3	SBWT-fast	+
Ecoli-pang	1	sbwt	none	31	0	1323794999	1417940088	0	sbwt.escherichia_coli.k63.S_none.k_31.d_0	NA	NA	1454.34	58633808	1.02	1739556	Str	2700000	1454.34	58633808	sbwt - none	10.512540091564434	10.512540091564434	0.37777777777777777	stream	3	SBWT-fast	
Ecoli-pang	1	sbwt	none	31	1	1323794999	454170898	0	sbwt.escherichia_coli.k63.S_none.k_31.d_1	NA	NA	1032.3	35525712	16.97	473060	Neg	1000000	1032.3	35525712	sbwt - none	2.858811222930145	2.858811222930145	16.97	isol	4	SBWT-small	-
Ecoli-pang	1	sbwt	none	31	1	1323794999	454170898	0	sbwt.escherichia_coli.k63.S_none.k_31.d_1	NA	NA	1032.3	35525712	32.809999999999995	473064	Pos	1000000	1032.3	35525712	sbwt - none	2.8588353958572403	2.8588353958572403	32.809999999999995	isol	4	SBWT-small	+
Ecoli-pang	1	sbwt	none	31	1	1323794999	454170898	0	sbwt.escherichia_coli.k63.S_none.k_31.d_1	NA	NA	1032.3	35525712	5.91	655540	Str	2700000	1032.3	35525712	sbwt - none	3.9615801570194633	3.9615801570194633	2.188888888888889	stream	4	SBWT-small	
SC2-pang	0.1	SSHash	prophasm	15	NA	481645	3489076	0	sshash.sars-cov-2_pangenome_k32.S_prophasm.k_15.d_na	0.8	43640	0.39	47252	1.18	6968	Neg	1000000	1.19	47252	SSHash - prophasm	115.73669403814013	11.573669403814014	1.18	subsampl	2	SSHash(spss)	-
SC2-pang	0.1	SSHash	prophasm	15	NA	481645	3489076	0	sshash.sars-cov-2_pangenome_k32.S_prophasm.k_15.d_na	0.8	43640	0.39	47252	1.02	6968	Pos	1000000	1.19	47252	SSHash - prophasm	115.73669403814013	11.573669403814014	1.02	subsampl	2	SSHash(spss)	+
SC2-pang	0.1	bwa	prophasm	15	NA	481645	23878472	0	bwa.sars-cov-2_pangenome_k32.S_prophasm.k_15.d_na	0.8	43640	2.31	79032	3.3000000000000003	54676	Neg	1000000	3.1100000000000003	79032	bwa - prophasm	908.1543460432476	90.81543460432476	3.3000000000000003	subsampl	1	BWA(spss)	-
SC2-pang	0.1	bwa	prophasm	15	NA	481645	23878472	0	bwa.sars-cov-2_pangenome_k32.S_prophasm.k_15.d_na	0.8	43640	2.31	79032	3.1199999999999997	54676	Pos	1000000	3.1100000000000003	79032	bwa - prophasm	908.1543460432476	90.81543460432476	3.1199999999999997	subsampl	1	BWA(spss)	+
SC2-pang	0.1	cbl	none	15	NA	481645	4080113	0	cbl.sars-cov-2_pangenome_k32.S_none.k_15.d_na	NA	NA	0.53	50112	0.52	49872	Neg	1000000	0.53	50112	cbl - none	828.3611373521992	82.83611373521993	0.52	subsampl	6	CBL	-
SC2-pang	0.1	cbl	none	15	NA	481645	4080113	0	cbl.sars-cov-2_pangenome_k32.S_none.k_15.d_na	NA	NA	0.53	50112	0.7100000000000001	49872	Pos	1000000	0.53	50112	cbl - none	828.3611373521992	82.83611373521993	0.7100000000000001	subsampl	6	CBL	+
SC2-pang	0.1	fmsi	global	15	NA	481645	1007359	0	fmsi.sars-cov-2_pangenome_k32.S_global.k_15.d_na	1.56	26612	0.31	40712	1.89	4648	Neg	1000000	1.87	40712	fmsi - global	77.20208867526912	7.720208867526913	1.89	subsampl	7	FMSI(superstr)	-
SC2-pang	0.1	fmsi	global	15	NA	481645	1007359	0	fmsi.sars-cov-2_pangenome_k32.S_global.k_15.d_na	1.56	26612	0.31	40712	1.78	4648	Pos	1000000	1.87	40712	fmsi - global	77.20208867526912	7.720208867526913	1.78	subsampl	7	FMSI(superstr)	+
SC2-pang	0.1	fmsi	local	15	1	481645	2788016	0	fmsi.sars-cov-2_pangenome_k32.S_local.k_15.d_1	1.53	12884	1.61	117252	2.03	5892	Neg	1000000	3.14	117252	fmsi - local	97.86460982673961	9.786460982673962	2.03	subsampl	8	FMSI(spss)	-
SC2-pang	0.1	fmsi	local	15	1	481645	2788016	0	fmsi.sars-cov-2_pangenome_k32.S_local.k_15.d_1	1.53	12884	1.61	117252	1.44	5892	Pos	1000000	3.14	117252	fmsi - local	97.86460982673961	9.786460982673962	1.44	subsampl	8	FMSI(spss)	+
SC2-pang	0.1	sbwt	none	15	0	481645	3557752	0	sbwt.sars-cov-2_pangenome_k32.S_none.k_15.d_0	NA	NA	12.57	300716	0.4	32736	Neg	1000000	12.57	300716	sbwt - none	543.7365694650624	54.373656946506244	0.4	subsampl	3	SBWT-fast	-
SC2-pang	0.1	sbwt	none	15	0	481645	3557752	0	sbwt.sars-cov-2_pangenome_k32.S_none.k_15.d_0	NA	NA	12.57	300716	0.5700000000000001	32736	Pos	1000000	12.57	300716	sbwt - none	543.7365694650624	54.373656946506244	0.5700000000000001	subsampl	3	SBWT-fast	+
SC2-pang	0.1	sbwt	none	15	1	481645	2238330	0	sbwt.sars-cov-2_pangenome_k32.S_none.k_15.d_1	NA	NA	7.2	203452	3.86	31484	Neg	1000000	7.2	203452	sbwt - none	522.9411703640649	52.29411703640649	3.86	subsampl	4	SBWT-small	-
SC2-pang	0.1	sbwt	none	15	1	481645	2238330	0	sbwt.sars-cov-2_pangenome_k32.S_none.k_15.d_1	NA	NA	7.2	203452	6.42	31484	Pos	1000000	7.2	203452	sbwt - none	522.9411703640649	52.29411703640649	6.42	subsampl	4	SBWT-small	+
SC2-pang	0.1	SSHash	prophasm	23	NA	802898	7334422	0	sshash.sars-cov-2_pangenome_k32.S_prophasm.k_23.d_na	2.04	59292	0.59	58824	1.89	10860	Neg	1000000	2.63	59292	SSHash - prophasm	108.2080164603723	10.820801646037232	1.89	subsampl	2	SSHash(spss)	-
SC2-pang	0.1	SSHash	prophasm	23	NA	802898	7334422	0	sshash.sars-cov-2_pangenome_k32.S_prophasm.k_23.d_na	2.04	59292	0.59	58824	2.36	10860	Pos	1000000	2.63	59292	SSHash - prophasm	108.2080164603723	10.820801646037232	2.36	subsampl	2	SSHash(spss)	+
SC2-pang	0.1	bwa	prophasm	23	NA	802898	50670166	0	bwa.sars-cov-2_pangenome_k32.S_prophasm.k_23.d_na	2.04	59292	7.44	176708	6.2	99404	Neg	1000000	9.48	176708	bwa - prophasm	990.4520873137061	99.04520873137062	6.2	subsampl	1	BWA(spss)	-
SC2-pang	0.1	bwa	prophasm	23	NA	802898	50670166	0	bwa.sars-cov-2_pangenome_k32.S_prophasm.k_23.d_na	2.04	59292	7.44	176708	5.81	99404	Pos	1000000	9.48	176708	bwa - prophasm	990.4520873137061	99.04520873137062	5.81	subsampl	1	BWA(spss)	+
SC2-pang	0.1	cbl	none	23	NA	802898	6938899	0	cbl.sars-cov-2_pangenome_k32.S_none.k_23.d_na	NA	NA	0.75	54872	0.55	54864	Neg	1000000	0.75	54872	cbl - none	546.6597251456599	54.66597251456599	0.55	subsampl	6	CBL	-
SC2-pang	0.1	cbl	none	23	NA	802898	6938899	0	cbl.sars-cov-2_pangenome_k32.S_none.k_23.d_na	NA	NA	0.75	54872	0.87	54864	Pos	1000000	0.75	54872	cbl - none	546.6597251456599	54.66597251456599	0.87	subsampl	6	CBL	+
SC2-pang	0.1	fmsi	global	23	NA	802898	2630208	0	fmsi.sars-cov-2_pangenome_k32.S_global.k_23.d_na	5.94	40076	1.32	105144	1.79	5552	Neg	1000000	7.260000000000001	105144	fmsi - global	55.31960473185884	5.531960473185884	1.79	subsampl	7	FMSI(superstr)	-
SC2-pang	0.1	fmsi	global	23	NA	802898	2630208	0	fmsi.sars-cov-2_pangenome_k32.S_global.k_23.d_na	5.94	40076	1.32	105144	2.55	5552	Pos	1000000	7.260000000000001	105144	fmsi - global	55.31960473185884	5.531960473185884	2.55	subsampl	7	FMSI(superstr)	+
SC2-pang	0.1	fmsi	local	23	1	802898	6943129	0	fmsi.sars-cov-2_pangenome_k32.S_local.k_23.d_1	2.95	12884	4.619999999999999	295364	1.98	8720	Neg	1000000	7.569999999999999	295364	fmsi - local	86.88525815234314	8.688525815234314	1.98	subsampl	8	FMSI(spss)	-
SC2-pang	0.1	fmsi	local	23	1	802898	6943129	0	fmsi.sars-cov-2_pangenome_k32.S_local.k_23.d_1	2.95	12884	4.619999999999999	295364	2.4	8720	Pos	1000000	7.569999999999999	295364	fmsi - local	86.88525815234314	8.688525815234314	2.4	subsampl	8	FMSI(spss)	+
SC2-pang	0.1	sbwt	none	23	0	802898	9650072	0	sbwt.sars-cov-2_pangenome_k32.S_none.k_23.d_0	NA	NA	35.989999999999995	669440	0.48	38808	Neg	1000000	35.989999999999995	669440	sbwt - none	386.6792544009326	38.66792544009326	0.48	subsampl	3	SBWT-fast	-
SC2-pang	0.1	sbwt	none	23	0	802898	9650072	0	sbwt.sars-cov-2_pangenome_k32.S_none.k_23.d_0	NA	NA	35.989999999999995	669440	1.05	38808	Pos	1000000	35.989999999999995	669440	sbwt - none	386.6792544009326	38.66792544009326	1.05	subsampl	3	SBWT-fast	+
SC2-pang	0.1	sbwt	none	23	1	802898	4430986	0	sbwt.sars-cov-2_pangenome_k32.S_none.k_23.d_1	NA	NA	23.19	350956	4.579999999999999	33580	Neg	1000000	23.19	350956	sbwt - none	334.5879551325324	33.45879551325324	4.579999999999999	subsampl	4	SBWT-small	-
SC2-pang	0.1	sbwt	none	23	1	802898	4430986	0	sbwt.sars-cov-2_pangenome_k32.S_none.k_23.d_1	NA	NA	23.19	350956	13.02	33580	Pos	1000000	23.19	350956	sbwt - none	334.5879551325324	33.45879551325324	13.02	subsampl	4	SBWT-small	+
SC2-pang	0.1	SSHash	prophasm	31	NA	1128390	12898766	0	sshash.sars-cov-2_pangenome_k32.S_prophasm.k_31.d_na	3.28	69588	1.07	76844	1.83	16392	Neg	1000000	4.35	76844	SSHash - prophasm	116.21513838300588	11.621513838300588	1.83	subsampl	2	SSHash(spss)	-
SC2-pang	0.1	SSHash	prophasm	31	NA	1128390	12898766	0	sshash.sars-cov-2_pangenome_k32.S_prophasm.k_31.d_na	3.28	69588	1.07	76844	2.26	16392	Pos	1000000	4.35	76844	SSHash - prophasm	116.21513838300588	11.621513838300588	2.26	subsampl	2	SSHash(spss)	+
SC2-pang	0.1	bwa	prophasm	31	NA	1128390	85858073	0	bwa.sars-cov-2_pangenome_k32.S_prophasm.k_31.d_na	3.28	69588	17.38	129592	11.09	150884	Neg	1000000	20.66	129592	bwa - prophasm	1069.7294375171705	106.97294375171705	11.09	subsampl	1	BWA(spss)	-
SC2-pang	0.1	bwa	prophasm	31	NA	1128390	85858073	0	bwa.sars-cov-2_pangenome_k32.S_prophasm.k_31.d_na	3.28	69588	17.38	129592	8.41	150880	Pos	1000000	20.66	129592	bwa - prophasm	1069.701078527814	106.9701078527814	8.41	subsampl	1	BWA(spss)	+
SC2-pang	0.1	cbl	none	31	NA	1128390	10306781	0	cbl.sars-cov-2_pangenome_k32.S_none.k_31.d_na	NA	NA	1.26	56192	0.8400000000000001	55288	Neg	1000000	1.26	56192	cbl - none	391.97795088577533	39.197795088577536	0.8400000000000001	subsampl	6	CBL	-
SC2-pang	0.1	cbl	none	31	NA	1128390	10306781	0	cbl.sars-cov-2_pangenome_k32.S_none.k_31.d_na	NA	NA	1.26	56192	0.98	55288	Pos	1000000	1.26	56192	cbl - none	391.97795088577533	39.197795088577536	0.98	subsampl	6	CBL	+
SC2-pang	0.1	fmsi	global	31	NA	1128390	4365568	0	fmsi.sars-cov-2_pangenome_k32.S_global.k_31.d_na	8.07	56140	2.53	174888	1.88	6816	Neg	1000000	10.6	174888	fmsi - global	48.32371786350464	4.832371786350464	1.88	subsampl	7	FMSI(superstr)	-
SC2-pang	0.1	fmsi	global	31	NA	1128390	4365568	0	fmsi.sars-cov-2_pangenome_k32.S_global.k_31.d_na	8.07	56140	2.53	174888	3.89	6816	Pos	1000000	10.6	174888	fmsi - global	48.32371786350464	4.832371786350464	3.89	subsampl	7	FMSI(superstr)	+
SC2-pang	0.1	fmsi	local	31	1	1128390	12947683	0	fmsi.sars-cov-2_pangenome_k32.S_local.k_31.d_1	4.720000000000001	21336	10.26	556332	2.3299999999999996	12816	Neg	1000000	14.98	556332	fmsi - local	90.86220189827985	9.086220189827985	2.3299999999999996	subsampl	8	FMSI(spss)	-
SC2-pang	0.1	fmsi	local	31	1	1128390	12947683	0	fmsi.sars-cov-2_pangenome_k32.S_local.k_31.d_1	4.720000000000001	21336	10.26	556332	2.76	12816	Pos	1000000	14.98	556332	fmsi - local	90.86220189827985	9.086220189827985	2.76	subsampl	8	FMSI(spss)	+
SC2-pang	0.1	sbwt	none	31	0	1128390	18600120	0	sbwt.sars-cov-2_pangenome_k32.S_none.k_31.d_0	NA	NA	72.47000000000001	1145008	0.65	47512	Neg	1000000	72.47000000000001	1145008	sbwt - none	336.84807557670666	33.684807557670666	0.65	subsampl	3	SBWT-fast	-
SC2-pang	0.1	sbwt	none	31	0	1128390	18600120	0	sbwt.sars-cov-2_pangenome_k32.S_none.k_31.d_0	NA	NA	72.47000000000001	1145008	1.8	47512	Pos	1000000	72.47000000000001	1145008	sbwt - none	336.84807557670666	33.684807557670666	1.8	subsampl	3	SBWT-fast	+
SC2-pang	0.1	sbwt	none	31	1	1128390	7424330	0	sbwt.sars-cov-2_pangenome_k32.S_none.k_31.d_1	NA	NA	45.65	619756	5.3100000000000005	36676	Neg	1000000	45.65	619756	sbwt - none	260.0235734099026	26.00235734099026	5.3100000000000005	subsampl	4	SBWT-small	-
SC2-pang	0.1	sbwt	none	31	1	1128390	7424330	0	sbwt.sars-cov-2_pangenome_k32.S_none.k_31.d_1	NA	NA	45.65	619756	19.59	36676	Pos	1000000	45.65	619756	sbwt - none	260.0235734099026	26.00235734099026	19.59	subsampl	4	SBWT-small	+
SC2-pang	1	SSHash	prophasm	15	NA	4816455	11546970	0	sshash.sars-cov-2_pangenome_k32.S_prophasm.k_15.d_na	9.74	220300	2.17	174896	1.03	15016	Neg	1000000	11.91	220300	SSHash - prophasm	24.941165234596813	24.941165234596813	1.03	isol	2	SSHash(spss)	-
SC2-pang	1	SSHash	prophasm	15	NA	4816455	11546970	0	sshash.sars-cov-2_pangenome_k32.S_prophasm.k_15.d_na	9.74	220300	2.17	174896	0.92	15016	Pos	1000000	11.91	220300	SSHash - prophasm	24.941165234596813	24.941165234596813	0.92	isol	2	SSHash(spss)	+
SC2-pang	1	SSHash	prophasm	15	NA	4816455	11546970	0	sshash.sars-cov-2_pangenome_k32.S_prophasm.k_15.d_na	9.74	220300	2.17	174896	2.7699999999999996	15016	Str	2860000	11.91	220300	SSHash - prophasm	24.941165234596813	24.941165234596813	0.9685314685314683	stream	2	SSHash(spss)	
SC2-pang	1	bwa	prophasm	15	NA	4816455	25090923	0	bwa.sars-cov-2_pangenome_k32.S_prophasm.k_15.d_na	9.74	220300	3.59	96052	2.83	46756	Neg	1000000	13.33	220300	bwa - prophasm	77.66043698114069	77.66043698114069	2.83	isol	1	BWA(spss)	-
SC2-pang	1	bwa	prophasm	15	NA	4816455	25090923	0	bwa.sars-cov-2_pangenome_k32.S_prophasm.k_15.d_na	9.74	220300	3.59	96052	3.73	46756	Pos	1000000	13.33	220300	bwa - prophasm	77.66043698114069	77.66043698114069	3.73	isol	1	BWA(spss)	+
SC2-pang	1	bwa	prophasm	15	NA	4816455	25090923	0	bwa.sars-cov-2_pangenome_k32.S_prophasm.k_15.d_na	9.74	220300	3.59	96052	5.87	46756	Str	2860000	13.33	220300	bwa - prophasm	77.66043698114069	77.66043698114069	2.0524475524475525	stream	1	BWA(spss)	
SC2-pang	1	cbl	none	15	NA	4816455	29099906	0	cbl.sars-cov-2_pangenome_k32.S_none.k_15.d_na	NA	NA	6.5	188672	1.02	187692	Neg	1000000	6.5	188672	cbl - none	311.7512776513016	311.7512776513016	1.02	isol	6	CBL	-
SC2-pang	1	cbl	none	15	NA	4816455	29099906	0	cbl.sars-cov-2_pangenome_k32.S_none.k_15.d_na	NA	NA	6.5	188672	1.37	187692	Pos	1000000	6.5	188672	cbl - none	311.7512776513016	311.7512776513016	1.37	isol	6	CBL	+
SC2-pang	1	cbl	none	15	NA	4816455	29099906	0	cbl.sars-cov-2_pangenome_k32.S_none.k_15.d_na	NA	NA	6.5	188672	1.08	187692	Str	2860000	6.5	188672	cbl - none	311.7512776513016	311.7512776513016	0.3776223776223776	stream	6	CBL	
SC2-pang	1	fmsi	global	15	NA	4816455	2783392	0	fmsi.sars-cov-2_pangenome_k32.S_global.k_15.d_na	13.53	225340	2.39	110484	1.82	5632	Neg	1000000	15.92	225340	fmsi - global	9.354597935618624	9.354597935618624	1.82	isol	7	FMSI(superstr)	-
SC2-pang	1	fmsi	global	15	NA	4816455	2783392	0	fmsi.sars-cov-2_pangenome_k32.S_global.k_15.d_na	13.53	225340	2.39	110484	1.88	5632	Pos	1000000	15.92	225340	fmsi - global	9.354597935618624	9.354597935618624	1.88	isol	7	FMSI(superstr)	+
SC2-pang	1	fmsi	global	15	NA	4816455	2783392	0	fmsi.sars-cov-2_pangenome_k32.S_global.k_15.d_na	13.53	225340	2.39	110484	2.6	6716	Str	2860000	15.92	225340	fmsi - global	11.155092282602038	11.155092282602038	0.9090909090909091	stream	7	FMSI(superstr)	
SC2-pang	1	fmsi	local	15	1	4816455	4587427	0	fmsi.sars-cov-2_pangenome_k32.S_local.k_15.d_1	5.07	72764	3.89	164284	1.89	7080	Neg	1000000	8.96	164284	fmsi - local	11.759686325316027	11.759686325316027	1.89	isol	8	FMSI(spss)	-
SC2-pang	1	fmsi	local	15	1	4816455	4587427	0	fmsi.sars-cov-2_pangenome_k32.S_local.k_15.d_1	5.07	72764	3.89	164284	1.94	7080	Pos	1000000	8.96	164284	fmsi - local	11.759686325316027	11.759686325316027	1.94	isol	8	FMSI(spss)	+
SC2-pang	1	fmsi	local	15	1	4816455	4587427	0	fmsi.sars-cov-2_pangenome_k32.S_local.k_15.d_1	5.07	72764	3.89	164284	2.54	8532	Str	2860000	8.96	164284	fmsi - local	14.171418605592702	14.171418605592702	0.8881118881118881	stream	8	FMSI(spss)	
SC2-pang	1	sbwt	none	15	0	4816455	6295352	0	sbwt.sars-cov-2_pangenome_k32.S_none.k_15.d_0	NA	NA	9.28	261536	0.44	35376	Neg	1000000	9.28	261536	sbwt - none	58.75856828310448	58.75856828310448	0.44	isol	3	SBWT-fast	-
SC2-pang	1	sbwt	none	15	0	4816455	6295352	0	sbwt.sars-cov-2_pangenome_k32.S_none.k_15.d_0	NA	NA	9.28	261536	0.59	35376	Pos	1000000	9.28	261536	sbwt - none	58.75856828310448	58.75856828310448	0.59	isol	3	SBWT-fast	+
SC2-pang	1	sbwt	none	15	0	4816455	6295352	0	sbwt.sars-cov-2_pangenome_k32.S_none.k_15.d_0	NA	NA	9.28	261536	0.32	36692	Str	2860000	9.28	261536	sbwt - none	60.944408283685824	60.944408283685824	0.11188811188811189	stream	3	SBWT-fast	
SC2-pang	1	sbwt	none	15	1	4816455	3393682	0	sbwt.sars-cov-2_pangenome_k32.S_none.k_15.d_1	NA	NA	6.33	165248	4.57	32804	Neg	1000000	6.33	165248	sbwt - none	54.48654664063092	54.48654664063092	4.57	isol	4	SBWT-small	-
SC2-pang	1	sbwt	none	15	1	4816455	3393682	0	sbwt.sars-cov-2_pangenome_k32.S_none.k_15.d_1	NA	NA	6.33	165248	6.8500000000000005	32804	Pos	1000000	6.33	165248	sbwt - none	54.48654664063092	54.48654664063092	6.8500000000000005	isol	4	SBWT-small	+
SC2-pang	1	sbwt	none	15	1	4816455	3393682	0	sbwt.sars-cov-2_pangenome_k32.S_none.k_15.d_1	NA	NA	6.33	165248	3.42	33328	Str	2860000	6.33	165248	sbwt - none	55.35689630651589	55.35689630651589	1.1958041958041958	stream	4	SBWT-small	
SC2-pang	1	SSHash	prophasm	23	NA	8028982	10516758	0	sshash.sars-cov-2_pangenome_k32.S_prophasm.k_23.d_na	13.34	368544	2.54	109508	1.52	13892	Neg	1000000	15.88	368544	SSHash - prophasm	13.841854421893087	13.841854421893087	1.52	isol	2	SSHash(spss)	-
SC2-pang	1	SSHash	prophasm	23	NA	8028982	10516758	0	sshash.sars-cov-2_pangenome_k32.S_prophasm.k_23.d_na	13.34	368544	2.54	109508	3.01	13892	Pos	1000000	15.88	368544	SSHash - prophasm	13.841854421893087	13.841854421893087	3.01	isol	2	SSHash(spss)	+
SC2-pang	1	SSHash	prophasm	23	NA	8028982	10516758	0	sshash.sars-cov-2_pangenome_k32.S_prophasm.k_23.d_na	13.34	368544	2.54	109508	13.58	13892	Str	2780000	15.88	368544	SSHash - prophasm	13.841854421893087	13.841854421893087	4.884892086330935	stream	2	SSHash(spss)	
SC2-pang	1	bwa	prophasm	23	NA	8028982	35734002	0	bwa.sars-cov-2_pangenome_k32.S_prophasm.k_23.d_na	13.34	368544	6.48	168396	6.18	56300	Neg	1000000	19.82	368544	bwa - prophasm	56.09677540689467	56.09677540689467	6.18	isol	1	BWA(spss)	-
SC2-pang	1	bwa	prophasm	23	NA	8028982	35734002	0	bwa.sars-cov-2_pangenome_k32.S_prophasm.k_23.d_na	13.34	368544	6.48	168396	5.0200000000000005	56300	Pos	1000000	19.82	368544	bwa - prophasm	56.09677540689467	56.09677540689467	5.02	isol	1	BWA(spss)	+
SC2-pang	1	bwa	prophasm	23	NA	8028982	35734002	0	bwa.sars-cov-2_pangenome_k32.S_prophasm.k_23.d_na	13.34	368544	6.48	168396	7.78	56300	Str	2780000	19.82	368544	bwa - prophasm	56.09677540689467	56.09677540689467	2.7985611510791366	stream	1	BWA(spss)	
SC2-pang	1	cbl	none	23	NA	8028982	48597057	0	cbl.sars-cov-2_pangenome_k32.S_none.k_23.d_na	NA	NA	5.3100000000000005	175864	1.02	170664	Neg	1000000	5.3100000000000005	175864	cbl - none	170.04795875741158	170.04795875741158	1.02	isol	6	CBL	-
SC2-pang	1	cbl	none	23	NA	8028982	48597057	0	cbl.sars-cov-2_pangenome_k32.S_none.k_23.d_na	NA	NA	5.3100000000000005	175864	1.36	170664	Pos	1000000	5.3100000000000005	175864	cbl - none	170.04795875741158	170.04795875741158	1.36	isol	6	CBL	+
SC2-pang	1	cbl	none	23	NA	8028982	48597057	0	cbl.sars-cov-2_pangenome_k32.S_none.k_23.d_na	NA	NA	5.3100000000000005	175864	1.07	170664	Str	2780000	5.3100000000000005	175864	cbl - none	170.04795875741158	170.04795875741158	0.38489208633093525	stream	6	CBL	
SC2-pang	1	fmsi	global	23	NA	8028982	4878569	0	fmsi.sars-cov-2_pangenome_k32.S_global.k_23.d_na	21.18	378444	2.8499999999999996	189716	2.12	7080	Neg	1000000	24.03	378444	fmsi - global	7.0544435147569144	7.0544435147569144	2.12	isol	7	FMSI(superstr)	-
SC2-pang	1	fmsi	global	23	NA	8028982	4878569	0	fmsi.sars-cov-2_pangenome_k32.S_global.k_23.d_na	21.18	378444	2.8499999999999996	189716	2.61	7080	Pos	1000000	24.03	378444	fmsi - global	7.0544435147569144	7.0544435147569144	2.61	isol	7	FMSI(superstr)	+
SC2-pang	1	fmsi	global	23	NA	8028982	4878569	0	fmsi.sars-cov-2_pangenome_k32.S_global.k_23.d_na	21.18	378444	2.8499999999999996	189716	3.07	8840	Str	2780000	24.03	378444	fmsi - global	8.808090490176712	8.808090490176712	1.10431654676259	stream	7	FMSI(superstr)	
SC2-pang	1	fmsi	local	23	1	8028982	7522884	0	fmsi.sars-cov-2_pangenome_k32.S_local.k_23.d_1	8.16	141324	6.63	267212	1.93	9660	Neg	1000000	14.79	267212	fmsi - local	9.625130558270028	9.625130558270028	1.93	isol	8	FMSI(spss)	-
SC2-pang	1	fmsi	local	23	1	8028982	7522884	0	fmsi.sars-cov-2_pangenome_k32.S_local.k_23.d_1	8.16	141324	6.63	267212	2.73	9660	Pos	1000000	14.79	267212	fmsi - local	9.625130558270028	9.625130558270028	2.73	isol	8	FMSI(spss)	+
SC2-pang	1	fmsi	local	23	1	8028982	7522884	0	fmsi.sars-cov-2_pangenome_k32.S_local.k_23.d_1	8.16	141324	6.63	267212	3.48	11100	Str	2780000	14.79	267212	fmsi - local	11.059932629068044	11.059932629068044	1.2517985611510791	stream	8	FMSI(spss)	
SC2-pang	1	sbwt	none	23	0	8028982	9984696	0	sbwt.sars-cov-2_pangenome_k32.S_none.k_23.d_0	NA	NA	11.8	241048	0.5	39072	Neg	1000000	11.8	241048	sbwt - none	38.93096285431952	38.93096285431952	0.5	isol	3	SBWT-fast	-
SC2-pang	1	sbwt	none	23	0	8028982	9984696	0	sbwt.sars-cov-2_pangenome_k32.S_none.k_23.d_0	NA	NA	11.8	241048	1.06	39072	Pos	1000000	11.8	241048	sbwt - none	38.93096285431952	38.93096285431952	1.06	isol	3	SBWT-fast	+
SC2-pang	1	sbwt	none	23	0	8028982	9984696	0	sbwt.sars-cov-2_pangenome_k32.S_none.k_23.d_0	NA	NA	11.8	241048	0.33	41180	Str	2780000	11.8	241048	sbwt - none	41.031353663515496	41.031353663515496	0.11870503597122302	stream	3	SBWT-fast	
SC2-pang	1	sbwt	none	23	1	8028982	4390874	0	sbwt.sars-cov-2_pangenome_k32.S_none.k_23.d_1	NA	NA	8.42	155000	4.72	33600	Neg	1000000	8.42	155000	sbwt - none	33.47871498528705	33.47871498528705	4.72	isol	4	SBWT-small	-
SC2-pang	1	sbwt	none	23	1	8028982	4390874	0	sbwt.sars-cov-2_pangenome_k32.S_none.k_23.d_1	NA	NA	8.42	155000	11.71	33600	Pos	1000000	8.42	155000	sbwt - none	33.47871498528705	33.47871498528705	11.71	isol	4	SBWT-small	+
SC2-pang	1	sbwt	none	23	1	8028982	4390874	0	sbwt.sars-cov-2_pangenome_k32.S_none.k_23.d_1	NA	NA	8.42	155000	3.79	34916	Str	2780000	8.42	155000	sbwt - none	34.789964655544125	34.789964655544125	1.3633093525179856	stream	4	SBWT-small	
SC2-pang	1	SSHash	prophasm	31	NA	11283907	16343424	0	sshash.sars-cov-2_pangenome_k32.S_prophasm.k_31.d_na	17.12	470460	8.14	150720	1.64	19700	Neg	1000000	25.26	470460	SSHash - prophasm	13.966793593743727	13.966793593743727	1.64	isol	2	SSHash(spss)	-
SC2-pang	1	SSHash	prophasm	31	NA	11283907	16343424	0	sshash.sars-cov-2_pangenome_k32.S_prophasm.k_31.d_na	17.12	470460	8.14	150720	2.3699999999999997	19700	Pos	1000000	25.26	470460	SSHash - prophasm	13.966793593743727	13.966793593743727	2.3699999999999997	isol	2	SSHash(spss)	+
SC2-pang	1	SSHash	prophasm	31	NA	11283907	16343424	0	sshash.sars-cov-2_pangenome_k32.S_prophasm.k_31.d_na	17.12	470460	8.14	150720	4.1	19700	Str	2700000	25.26	470460	SSHash - prophasm	13.966793593743727	13.966793593743727	1.5185185185185184	stream	2	SSHash(spss)	
SC2-pang	1	bwa	prophasm	31	NA	11283907	48126997	0	bwa.sars-cov-2_pangenome_k32.S_prophasm.k_31.d_na	17.12	470460	10.34	234264	8.45	68620	Neg	1000000	27.46	470460	bwa - prophasm	48.64981606105049	48.64981606105049	8.45	isol	1	BWA(spss)	-
SC2-pang	1	bwa	prophasm	31	NA	11283907	48126997	0	bwa.sars-cov-2_pangenome_k32.S_prophasm.k_31.d_na	17.12	470460	10.34	234264	7.33	68620	Pos	1000000	27.46	470460	bwa - prophasm	48.64981606105049	48.64981606105049	7.33	isol	1	BWA(spss)	+
SC2-pang	1	bwa	prophasm	31	NA	11283907	48126997	0	bwa.sars-cov-2_pangenome_k32.S_prophasm.k_31.d_na	17.12	470460	10.34	234264	8.899999999999999	68628	Str	2700000	27.46	470460	bwa - prophasm	48.65548785540327	48.65548785540327	3.2962962962962954	stream	1	BWA(spss)	
SC2-pang	1	cbl	none	31	NA	11283907	79797122	0	cbl.sars-cov-2_pangenome_k32.S_none.k_31.d_na	NA	NA	6.2299999999999995	326740	1.51	297652	Neg	1000000	6.2299999999999995	326740	cbl - none	211.02761658705623	211.02761658705623	1.51	isol	6	CBL	-
SC2-pang	1	cbl	none	31	NA	11283907	79797122	0	cbl.sars-cov-2_pangenome_k32.S_none.k_31.d_na	NA	NA	6.2299999999999995	326740	1.95	297652	Pos	1000000	6.2299999999999995	326740	cbl - none	211.02761658705623	211.02761658705623	1.95	isol	6	CBL	+
SC2-pang	1	cbl	none	31	NA	11283907	79797122	0	cbl.sars-cov-2_pangenome_k32.S_none.k_31.d_na	NA	NA	6.2299999999999995	326740	1.48	297656	Str	2700000	6.2299999999999995	326740	cbl - none	211.03045248423263	211.03045248423263	0.5481481481481482	stream	6	CBL	
SC2-pang	1	fmsi	global	31	NA	11283907	7056938	0	fmsi.sars-cov-2_pangenome_k32.S_global.k_31.d_na	39.9	516704	4.62	272444	2.1799999999999997	9124	Neg	1000000	44.52	516704	fmsi - global	6.468681459356231	6.468681459356231	2.1799999999999997	isol	7	FMSI(superstr)	-
SC2-pang	1	fmsi	global	31	NA	11283907	7056938	0	fmsi.sars-cov-2_pangenome_k32.S_global.k_31.d_na	39.9	516704	4.62	272444	3.89	9124	Pos	1000000	44.52	516704	fmsi - global	6.468681459356231	6.468681459356231	3.89	isol	7	FMSI(superstr)	+
SC2-pang	1	fmsi	global	31	NA	11283907	7056938	0	fmsi.sars-cov-2_pangenome_k32.S_global.k_31.d_na	39.9	516704	4.62	272444	3.86	10836	Str	2700000	44.52	516704	fmsi - global	7.682445450853149	7.682445450853149	1.4296296296296296	stream	7	FMSI(superstr)	
SC2-pang	1	fmsi	local	31	1	11283907	10813275	0	fmsi.sars-cov-2_pangenome_k32.S_local.k_31.d_1	8.88	141328	6.91	382804	1.94	11760	Neg	1000000	15.79	382804	fmsi - local	8.337537698600316	8.337537698600316	1.94	isol	8	FMSI(spss)	-
SC2-pang	1	fmsi	local	31	1	11283907	10813275	0	fmsi.sars-cov-2_pangenome_k32.S_local.k_31.d_1	8.88	141328	6.91	382804	3.99	11760	Pos	1000000	15.79	382804	fmsi - local	8.337537698600316	8.337537698600316	3.99	isol	8	FMSI(spss)	+
SC2-pang	1	fmsi	local	31	1	11283907	10813275	0	fmsi.sars-cov-2_pangenome_k32.S_local.k_31.d_1	8.88	141328	6.91	382804	4.66	14464	Str	2700000	15.79	382804	fmsi - local	10.25460418984311	10.25460418984311	1.7259259259259259	stream	8	FMSI(spss)	
SC2-pang	1	sbwt	none	31	0	11283907	13775832	0	sbwt.sars-cov-2_pangenome_k32.S_none.k_31.d_0	NA	NA	16.86	415100	0.62	42896	Neg	1000000	16.86	415100	sbwt - none	30.41216131965639	30.41216131965639	0.62	isol	3	SBWT-fast	-
SC2-pang	1	sbwt	none	31	0	11283907	13775832	0	sbwt.sars-cov-2_pangenome_k32.S_none.k_31.d_0	NA	NA	16.86	415100	1.55	42896	Pos	1000000	16.86	415100	sbwt - none	30.41216131965639	30.41216131965639	1.55	isol	3	SBWT-fast	+
SC2-pang	1	sbwt	none	31	0	11283907	13775832	0	sbwt.sars-cov-2_pangenome_k32.S_none.k_31.d_0	NA	NA	16.86	415100	0.34	45728	Str	2700000	16.86	415100	sbwt - none	32.41997652054381	32.41997652054381	0.1259259259259259	stream	3	SBWT-fast	
SC2-pang	1	sbwt	none	31	1	11283907	5555730	0	sbwt.sars-cov-2_pangenome_k32.S_none.k_31.d_1	NA	NA	13.4	226412	4.6000000000000005	34912	Neg	1000000	13.4	226412	sbwt - none	24.75171055557264	24.75171055557264	4.6000000000000005	isol	4	SBWT-small	-
SC2-pang	1	sbwt	none	31	1	11283907	5555730	0	sbwt.sars-cov-2_pangenome_k32.S_none.k_31.d_1	NA	NA	13.4	226412	15.81	34912	Pos	1000000	13.4	226412	sbwt - none	24.75171055557264	24.75171055557264	15.81	isol	4	SBWT-small	+
SC2-pang	1	sbwt	none	31	1	11283907	5555730	0	sbwt.sars-cov-2_pangenome_k32.S_none.k_31.d_1	NA	NA	13.4	226412	6.59	36492	Str	2700000	13.4	226412	sbwt - none	25.871889940248533	25.871889940248533	2.4407407407407407	stream	4	SBWT-small	
Spneumo-pang	0.1	SSHash	prophasm	15	NA	663462	4897984	0	sshash.spneumo_pangenome_k32.S_prophasm.k_15.d_na	1.48	49448	0.51	64056	1.24	8288	Neg	1000000	1.99	64056	SSHash - prophasm	99.93639424714603	9.993639424714603	1.24	subsampl	2	SSHash(spss)	-
Spneumo-pang	0.1	SSHash	prophasm	15	NA	663462	4897984	0	sshash.spneumo_pangenome_k32.S_prophasm.k_15.d_na	1.48	49448	0.51	64056	0.88	8288	Pos	1000000	1.99	64056	SSHash - prophasm	99.93639424714603	9.993639424714603	0.88	subsampl	2	SSHash(spss)	+
Spneumo-pang	0.1	bwa	prophasm	15	NA	663462	33141145	0	bwa.spneumo_pangenome_k32.S_prophasm.k_15.d_na	1.48	49448	3.86	94156	3.42	75124	Neg	1000000	5.34	94156	bwa - prophasm	905.8423843415297	90.58423843415298	3.42	subsampl	1	BWA(spss)	-
Spneumo-pang	0.1	bwa	prophasm	15	NA	663462	33141145	0	bwa.spneumo_pangenome_k32.S_prophasm.k_15.d_na	1.48	49448	3.86	94156	4.09	75124	Pos	1000000	5.34	94156	bwa - prophasm	905.8423843415297	90.58423843415298	4.09	subsampl	1	BWA(spss)	+
Spneumo-pang	0.1	cbl	none	15	NA	663462	5606090	0	cbl.spneumo_pangenome_k32.S_none.k_15.d_na	NA	NA	0.65	59900	0.55	59504	Neg	1000000	0.65	59900	cbl - none	717.4970081180234	71.74970081180234	0.55	subsampl	6	CBL	-
Spneumo-pang	0.1	cbl	none	15	NA	663462	5606090	0	cbl.spneumo_pangenome_k32.S_none.k_15.d_na	NA	NA	0.65	59900	0.75	59504	Pos	1000000	0.65	59900	cbl - none	717.4970081180234	71.74970081180234	0.75	subsampl	6	CBL	+
Spneumo-pang	0.1	fmsi	global	15	NA	663462	1342103	0	fmsi.spneumo_pangenome_k32.S_global.k_15.d_na	2.48	34104	0.45	52600	1.82	4916	Neg	1000000	2.93	52600	fmsi - global	59.27694427111123	5.927694427111124	1.82	subsampl	7	FMSI(superstr)	-
Spneumo-pang	0.1	fmsi	global	15	NA	663462	1342103	0	fmsi.spneumo_pangenome_k32.S_global.k_15.d_na	2.48	34104	0.45	52600	2.07	4916	Pos	1000000	2.93	52600	fmsi - global	59.27694427111123	5.927694427111124	2.07	subsampl	7	FMSI(superstr)	+
Spneumo-pang	0.1	fmsi	local	15	1	663462	3861712	0	fmsi.spneumo_pangenome_k32.S_local.k_15.d_1	2.18	12888	2.67	160624	2.1199999999999997	6412	Neg	1000000	4.85	160624	fmsi - local	77.31565636012311	7.731565636012312	2.1199999999999997	subsampl	8	FMSI(spss)	-
Spneumo-pang	0.1	fmsi	local	15	1	663462	3861712	0	fmsi.spneumo_pangenome_k32.S_local.k_15.d_1	2.18	12888	2.67	160624	1.47	6412	Pos	1000000	4.85	160624	fmsi - local	77.31565636012311	7.731565636012312	1.47	subsampl	8	FMSI(spss)	+
Spneumo-pang	0.1	sbwt	none	15	0	663462	4481464	0	sbwt.spneumo_pangenome_k32.S_none.k_15.d_0	NA	NA	21.27	348656	0.41	33792	Neg	1000000	21.27	348656	sbwt - none	407.4626730694448	40.74626730694448	0.41	subsampl	3	SBWT-fast	-
Spneumo-pang	0.1	sbwt	none	15	0	663462	4481464	0	sbwt.spneumo_pangenome_k32.S_none.k_15.d_0	NA	NA	21.27	348656	0.62	33792	Pos	1000000	21.27	348656	sbwt - none	407.4626730694448	40.74626730694448	0.62	subsampl	3	SBWT-fast	+
Spneumo-pang	0.1	sbwt	none	15	1	663462	2671594	0	sbwt.spneumo_pangenome_k32.S_none.k_15.d_1	NA	NA	11.51	229240	4.07	32012	Neg	1000000	11.51	229240	sbwt - none	385.999499594551	38.5999499594551	4.07	subsampl	4	SBWT-small	-
Spneumo-pang	0.1	sbwt	none	15	1	663462	2671594	0	sbwt.spneumo_pangenome_k32.S_none.k_15.d_1	NA	NA	11.51	229240	6.62	32012	Pos	1000000	11.51	229240	sbwt - none	385.999499594551	38.5999499594551	6.62	subsampl	4	SBWT-small	+
Spneumo-pang	0.1	SSHash	prophasm	23	NA	826059	7617214	0	sshash.spneumo_pangenome_k32.S_prophasm.k_23.d_na	2.15	60084	0.54	67696	2	11124	Neg	1000000	2.69	67696	SSHash - prophasm	107.73080373193682	10.773080373193682	2	subsampl	2	SSHash(spss)	-
Spneumo-pang	0.1	SSHash	prophasm	23	NA	826059	7617214	0	sshash.spneumo_pangenome_k32.S_prophasm.k_23.d_na	2.15	60084	0.54	67696	1.48	11124	Pos	1000000	2.69	67696	SSHash - prophasm	107.73080373193682	10.773080373193682	1.48	subsampl	2	SSHash(spss)	+
Spneumo-pang	0.1	bwa	prophasm	23	NA	826059	52444361	0	bwa.spneumo_pangenome_k32.S_prophasm.k_23.d_na	2.15	60084	7.859999999999999	182736	5.59	102564	Neg	1000000	10.01	182736	bwa - prophasm	993.284983276013	99.32849832760131	5.59	subsampl	1	BWA(spss)	-
Spneumo-pang	0.1	bwa	prophasm	23	NA	826059	52444361	0	bwa.spneumo_pangenome_k32.S_prophasm.k_23.d_na	2.15	60084	7.859999999999999	182736	6.369999999999999	102776	Pos	1000000	10.01	182736	bwa - prophasm	995.3381053895666	99.53381053895667	6.369999999999999	subsampl	1	BWA(spss)	+
Spneumo-pang	0.1	cbl	none	23	NA	826059	8021795	0	cbl.spneumo_pangenome_k32.S_none.k_23.d_na	NA	NA	0.97	63756	0.65	62732	Neg	1000000	0.97	63756	cbl - none	607.5304548464455	60.75304548464456	0.65	subsampl	6	CBL	-
Spneumo-pang	0.1	cbl	none	23	NA	826059	8021795	0	cbl.spneumo_pangenome_k32.S_none.k_23.d_na	NA	NA	0.97	63756	0.93	62732	Pos	1000000	0.97	63756	cbl - none	607.5304548464455	60.75304548464456	0.93	subsampl	6	CBL	+
Spneumo-pang	0.1	fmsi	global	23	NA	826059	2839576	0	fmsi.spneumo_pangenome_k32.S_global.k_23.d_na	4.48	43160	1.47	113536	1.77	5676	Neg	1000000	5.95	113536	fmsi - global	54.96943922891706	5.496943922891706	1.77	subsampl	7	FMSI(superstr)	-
Spneumo-pang	0.1	fmsi	global	23	NA	826059	2839576	0	fmsi.spneumo_pangenome_k32.S_global.k_23.d_na	4.48	43160	1.47	113536	2.7899999999999996	5676	Pos	1000000	5.95	113536	fmsi - global	54.96943922891706	5.496943922891706	2.7899999999999996	subsampl	7	FMSI(superstr)	+
Spneumo-pang	0.1	fmsi	local	23	1	826059	7191706	0	fmsi.spneumo_pangenome_k32.S_local.k_23.d_1	3.27	21332	5.09	305420	2.24	8664	Neg	1000000	8.36	305420	fmsi - local	83.9068395840975	8.39068395840975	2.24	subsampl	8	FMSI(spss)	-
Spneumo-pang	0.1	fmsi	local	23	1	826059	7191706	0	fmsi.spneumo_pangenome_k32.S_local.k_23.d_1	3.27	21332	5.09	305420	2.08	8664	Pos	1000000	8.36	305420	fmsi - local	83.9068395840975	8.39068395840975	2.08	subsampl	8	FMSI(spss)	+
Spneumo-pang	0.1	sbwt	none	23	0	826059	11362264	0	sbwt.spneumo_pangenome_k32.S_none.k_23.d_0	NA	NA	38.85	691984	0.49	40324	Neg	1000000	38.85	691984	sbwt - none	390.51932125913527	39.05193212591353	0.49	subsampl	3	SBWT-fast	-
Spneumo-pang	0.1	sbwt	none	23	0	826059	11362264	0	sbwt.spneumo_pangenome_k32.S_none.k_23.d_0	NA	NA	38.85	691984	1.04	40324	Pos	1000000	38.85	691984	sbwt - none	390.51932125913527	39.05193212591353	1.04	subsampl	3	SBWT-fast	+
Spneumo-pang	0.1	sbwt	none	23	1	826059	4923274	0	sbwt.spneumo_pangenome_k32.S_none.k_23.d_1	NA	NA	21.14	361324	4.72	34108	Neg	1000000	21.14	361324	sbwt - none	330.3202313636193	33.032023136361936	4.72	subsampl	4	SBWT-small	-
Spneumo-pang	0.1	sbwt	none	23	1	826059	4923274	0	sbwt.spneumo_pangenome_k32.S_none.k_23.d_1	NA	NA	21.14	361324	12.2	34108	Pos	1000000	21.14	361324	sbwt - none	330.3202313636193	33.032023136361936	12.2	subsampl	4	SBWT-small	+
Spneumo-pang	0.1	SSHash	prophasm	31	NA	962775	10627704	0	sshash.spneumo_pangenome_k32.S_prophasm.k_31.d_na	2.96	64308	0.5900000000000001	72076	2.74	13960	Neg	1000000	3.55	72076	SSHash - prophasm	115.99802653787229	11.59980265378723	2.74	subsampl	2	SSHash(spss)	-
Spneumo-pang	0.1	SSHash	prophasm	31	NA	962775	10627704	0	sshash.spneumo_pangenome_k32.S_prophasm.k_31.d_na	2.96	64308	0.5900000000000001	72076	2.0799999999999996	13960	Pos	1000000	3.55	72076	SSHash - prophasm	115.99802653787229	11.59980265378723	2.0799999999999996	subsampl	2	SSHash(spss)	+
Spneumo-pang	0.1	bwa	prophasm	31	NA	962775	73444839	0	bwa.spneumo_pangenome_k32.S_prophasm.k_31.d_na	2.96	64308	15.6	118044	10.84	129408	Neg	1000000	18.56	118044	bwa - prophasm	1075.2917348290098	107.52917348290099	10.84	subsampl	1	BWA(spss)	-
Spneumo-pang	0.1	bwa	prophasm	31	NA	962775	73444839	0	bwa.spneumo_pangenome_k32.S_prophasm.k_31.d_na	2.96	64308	15.6	118044	8.360000000000001	129532	Pos	1000000	18.56	118044	bwa - prophasm	1076.3220897925269	107.6322089792527	8.360000000000001	subsampl	1	BWA(spss)	+
Spneumo-pang	0.1	cbl	none	31	NA	962775	10333730	0	cbl.spneumo_pangenome_k32.S_none.k_31.d_na	NA	NA	1.09	62816	0.77	61232	Neg	1000000	1.09	62816	cbl - none	508.79592843603126	50.87959284360313	0.77	subsampl	6	CBL	-
Spneumo-pang	0.1	cbl	none	31	NA	962775	10333730	0	cbl.spneumo_pangenome_k32.S_none.k_31.d_na	NA	NA	1.09	62816	1.01	61232	Pos	1000000	1.09	62816	cbl - none	508.79592843603126	50.87959284360313	1.01	subsampl	6	CBL	+
Spneumo-pang	0.1	fmsi	global	31	NA	962775	3939320	0	fmsi.spneumo_pangenome_k32.S_global.k_31.d_na	7.57	49108	2.49	158944	2.17	6612	Neg	1000000	10.06	158944	fmsi - global	54.94118563527304	5.494118563527304	2.17	subsampl	7	FMSI(superstr)	-
Spneumo-pang	0.1	fmsi	global	31	NA	962775	3939320	0	fmsi.spneumo_pangenome_k32.S_global.k_31.d_na	7.57	49108	2.49	158944	3.5999999999999996	6612	Pos	1000000	10.06	158944	fmsi - global	54.94118563527304	5.494118563527304	3.5999999999999996	subsampl	7	FMSI(superstr)	+
Spneumo-pang	0.1	fmsi	local	31	1	962775	11107555	0	fmsi.spneumo_pangenome_k32.S_local.k_31.d_1	3.54	21332	8.26	476916	2	11496	Neg	1000000	11.8	476916	fmsi - local	95.52387629508452	9.552387629508452	2	subsampl	8	FMSI(spss)	-
Spneumo-pang	0.1	fmsi	local	31	1	962775	11107555	0	fmsi.spneumo_pangenome_k32.S_local.k_31.d_1	3.54	21332	8.26	476916	3.02	11496	Pos	1000000	11.8	476916	fmsi - local	95.52387629508452	9.552387629508452	3.02	subsampl	8	FMSI(spss)	+
Spneumo-pang	0.1	sbwt	none	31	0	962775	20002456	0	sbwt.spneumo_pangenome_k32.S_none.k_31.d_0	NA	NA	63.73	1039244	0.61	48764	Neg	1000000	63.73	1039244	sbwt - none	405.1953987172496	40.51953987172496	0.61	subsampl	3	SBWT-fast	-
Spneumo-pang	0.1	sbwt	none	31	0	962775	20002456	0	sbwt.spneumo_pangenome_k32.S_none.k_31.d_0	NA	NA	63.73	1039244	2.06	48764	Pos	1000000	63.73	1039244	sbwt - none	405.1953987172496	40.51953987172496	2.06	subsampl	3	SBWT-fast	+
Spneumo-pang	0.1	sbwt	none	31	1	962775	7578458	0	sbwt.spneumo_pangenome_k32.S_none.k_31.d_1	NA	NA	33.29	545156	4.81	36676	Neg	1000000	33.29	545156	sbwt - none	304.752408402794	30.4752408402794	4.81	subsampl	4	SBWT-small	-
Spneumo-pang	0.1	sbwt	none	31	1	962775	7578458	0	sbwt.spneumo_pangenome_k32.S_none.k_31.d_1	NA	NA	33.29	545156	20.42	36920	Pos	1000000	33.29	545156	sbwt - none	306.7798810729402	30.677988107294023	20.42	subsampl	4	SBWT-small	+
Spneumo-pang	1	SSHash	prophasm	15	NA	6634628	14906192	0	sshash.spneumo_pangenome_k32.S_prophasm.k_15.d_na	11.1	331324	2.97	209352	1.06	18312	Neg	1000000	14.07	331324	SSHash - prophasm	22.080514536760766	22.080514536760766	1.06	isol	2	SSHash(spss)	-
Spneumo-pang	1	SSHash	prophasm	15	NA	6634628	14906192	0	sshash.spneumo_pangenome_k32.S_prophasm.k_15.d_na	11.1	331324	2.97	209352	0.91	18312	Pos	1000000	14.07	331324	SSHash - prophasm	22.080514536760766	22.080514536760766	0.91	isol	2	SSHash(spss)	+
Spneumo-pang	1	SSHash	prophasm	15	NA	6634628	14906192	0	sshash.spneumo_pangenome_k32.S_prophasm.k_15.d_na	11.1	331324	2.97	209352	0.95	18312	Str	2860000	14.07	331324	SSHash - prophasm	22.080514536760766	22.080514536760766	0.3321678321678322	stream	2	SSHash(spss)	
Spneumo-pang	1	bwa	prophasm	15	NA	6634628	25059644	0	bwa.spneumo_pangenome_k32.S_prophasm.k_15.d_na	11.1	331324	3.99	116612	2.9	42072	Neg	1000000	15.09	331324	bwa - prophasm	50.73019919127342	50.73019919127342	2.9	isol	1	BWA(spss)	-
Spneumo-pang	1	bwa	prophasm	15	NA	6634628	25059644	0	bwa.spneumo_pangenome_k32.S_prophasm.k_15.d_na	11.1	331324	3.99	116612	3.47	42072	Pos	1000000	15.09	331324	bwa - prophasm	50.73019919127342	50.73019919127342	3.47	isol	1	BWA(spss)	+
Spneumo-pang	1	bwa	prophasm	15	NA	6634628	25059644	0	bwa.spneumo_pangenome_k32.S_prophasm.k_15.d_na	11.1	331324	3.99	116612	1.5	42072	Str	2860000	15.09	331324	bwa - prophasm	50.73019919127342	50.73019919127342	0.5244755244755245	stream	1	BWA(spss)	
Spneumo-pang	1	cbl	none	15	NA	6634628	39417176	0	cbl.spneumo_pangenome_k32.S_none.k_15.d_na	NA	NA	6.48	244792	1.23	243704	Neg	1000000	6.48	244792	cbl - none	293.8570180573802	293.8570180573802	1.23	isol	6	CBL	-
Spneumo-pang	1	cbl	none	15	NA	6634628	39417176	0	cbl.spneumo_pangenome_k32.S_none.k_15.d_na	NA	NA	6.48	244792	1.56	243704	Pos	1000000	6.48	244792	cbl - none	293.8570180573802	293.8570180573802	1.56	isol	6	CBL	+
Spneumo-pang	1	cbl	none	15	NA	6634628	39417176	0	cbl.spneumo_pangenome_k32.S_none.k_15.d_na	NA	NA	6.48	244792	1.74	243704	Str	2860000	6.48	244792	cbl - none	293.8570180573802	293.8570180573802	0.6083916083916084	stream	6	CBL	
Spneumo-pang	1	fmsi	global	15	NA	6634628	3273944	0	fmsi.spneumo_pangenome_k32.S_global.k_15.d_na	12.43	319220	1.86	136232	1.81	6032	Neg	1000000	14.29	319220	fmsi - global	7.273354286027792	7.273354286027792	1.81	isol	7	FMSI(superstr)	-
Spneumo-pang	1	fmsi	global	15	NA	6634628	3273944	0	fmsi.spneumo_pangenome_k32.S_global.k_15.d_na	12.43	319220	1.86	136232	2.0999999999999996	6032	Pos	1000000	14.29	319220	fmsi - global	7.273354286027792	7.273354286027792	2.0999999999999996	isol	7	FMSI(superstr)	+
Spneumo-pang	1	fmsi	global	15	NA	6634628	3273944	0	fmsi.spneumo_pangenome_k32.S_global.k_15.d_na	12.43	319220	1.86	136232	1.95	6880	Str	2860000	14.29	319220	fmsi - global	8.295868283798278	8.295868283798278	0.6818181818181818	stream	7	FMSI(superstr)	
Spneumo-pang	1	fmsi	local	15	1	6634628	4993682	0	fmsi.spneumo_pangenome_k32.S_local.k_15.d_1	4.07	141384	2.55	181392	1.84	7344	Neg	1000000	6.62	181392	fmsi - local	8.855357075031185	8.855357075031185	1.84	isol	8	FMSI(spss)	-
Spneumo-pang	1	fmsi	local	15	1	6634628	4993682	0	fmsi.spneumo_pangenome_k32.S_local.k_15.d_1	4.07	141384	2.55	181392	1.89	7344	Pos	1000000	6.62	181392	fmsi - local	8.855357075031185	8.855357075031185	1.89	isol	8	FMSI(spss)	+
Spneumo-pang	1	fmsi	local	15	1	6634628	4993682	0	fmsi.spneumo_pangenome_k32.S_local.k_15.d_1	4.07	141384	2.55	181392	2.1599999999999997	8728	Str	2860000	6.62	181392	fmsi - local	10.524177090260373	10.524177090260373	0.7552447552447551	stream	8	FMSI(spss)	
Spneumo-pang	1	sbwt	none	15	0	6634628	8098456	0	sbwt.spneumo_pangenome_k32.S_none.k_15.d_0	NA	NA	9.39	181848	0.45	37224	Neg	1000000	9.39	181848	sbwt - none	44.8845059587365	44.8845059587365	0.45	isol	3	SBWT-fast	-
Spneumo-pang	1	sbwt	none	15	0	6634628	8098456	0	sbwt.spneumo_pangenome_k32.S_none.k_15.d_0	NA	NA	9.39	181848	0.61	37224	Pos	1000000	9.39	181848	sbwt - none	44.8845059587365	44.8845059587365	0.61	isol	3	SBWT-fast	+
Spneumo-pang	1	sbwt	none	15	0	6634628	8098456	0	sbwt.spneumo_pangenome_k32.S_none.k_15.d_0	NA	NA	9.39	181848	0.29000000000000004	38804	Str	2860000	9.39	181848	sbwt - none	46.78966175646924	46.78966175646924	0.10139860139860142	stream	3	SBWT-fast	
Spneumo-pang	1	sbwt	none	15	1	6634628	4152162	0	sbwt.spneumo_pangenome_k32.S_none.k_15.d_1	NA	NA	7.789999999999999	128484	4.38	33332	Neg	1000000	7.789999999999999	128484	sbwt - none	40.19155256330875	40.19155256330875	4.38	isol	4	SBWT-small	-
Spneumo-pang	1	sbwt	none	15	1	6634628	4152162	0	sbwt.spneumo_pangenome_k32.S_none.k_15.d_1	NA	NA	7.789999999999999	128484	6.73	33332	Pos	1000000	7.789999999999999	128484	sbwt - none	40.19155256330875	40.19155256330875	6.73	isol	4	SBWT-small	+
Spneumo-pang	1	sbwt	none	15	1	6634628	4152162	0	sbwt.spneumo_pangenome_k32.S_none.k_15.d_1	NA	NA	7.789999999999999	128484	5.18	34384	Str	2860000	7.789999999999999	128484	sbwt - none	41.460048702052326	41.460048702052326	1.8111888111888113	stream	4	SBWT-small	
Spneumo-pang	1	SSHash	prophasm	23	NA	8260593	8402484	0	sshash.spneumo_pangenome_k32.S_prophasm.k_23.d_na	11.8	376020	1.72	128492	1.56	11848	Neg	1000000	13.52	376020	SSHash - prophasm	11.474236776948096	11.474236776948096	1.56	isol	2	SSHash(spss)	-
Spneumo-pang	1	SSHash	prophasm	23	NA	8260593	8402484	0	sshash.spneumo_pangenome_k32.S_prophasm.k_23.d_na	11.8	376020	1.72	128492	1.26	11848	Pos	1000000	13.52	376020	SSHash - prophasm	11.474236776948096	11.474236776948096	1.26	isol	2	SSHash(spss)	+
Spneumo-pang	1	SSHash	prophasm	23	NA	8260593	8402484	0	sshash.spneumo_pangenome_k32.S_prophasm.k_23.d_na	11.8	376020	1.72	128492	0.62	11848	Str	2780000	13.52	376020	SSHash - prophasm	11.474236776948096	11.474236776948096	0.22302158273381295	stream	2	SSHash(spss)	
Spneumo-pang	1	bwa	prophasm	23	NA	8260593	25619294	0	bwa.spneumo_pangenome_k32.S_prophasm.k_23.d_na	11.8	376020	4.77	128412	5.159999999999999	36000	Neg	1000000	16.57	376020	bwa - prophasm	34.86432511564242	34.86432511564242	5.159999999999999	isol	1	BWA(spss)	-
Spneumo-pang	1	bwa	prophasm	23	NA	8260593	25619294	0	bwa.spneumo_pangenome_k32.S_prophasm.k_23.d_na	11.8	376020	4.77	128412	3.3899999999999997	36000	Pos	1000000	16.57	376020	bwa - prophasm	34.86432511564242	34.86432511564242	3.3899999999999997	isol	1	BWA(spss)	+
Spneumo-pang	1	bwa	prophasm	23	NA	8260593	25619294	0	bwa.spneumo_pangenome_k32.S_prophasm.k_23.d_na	11.8	376020	4.77	128412	0.8200000000000001	36000	Str	2780000	16.57	376020	bwa - prophasm	34.86432511564242	34.86432511564242	0.29496402877697847	stream	1	BWA(spss)	
Spneumo-pang	1	cbl	none	23	NA	8260593	54413499	0	cbl.spneumo_pangenome_k32.S_none.k_23.d_na	NA	NA	5.710000000000001	209176	1.1	206084	Neg	1000000	5.710000000000001	209176	cbl - none	199.5827660314459	199.5827660314459	1.1	isol	6	CBL	-
Spneumo-pang	1	cbl	none	23	NA	8260593	54413499	0	cbl.spneumo_pangenome_k32.S_none.k_23.d_na	NA	NA	5.710000000000001	209176	1.58	206084	Pos	1000000	5.710000000000001	209176	cbl - none	199.5827660314459	199.5827660314459	1.58	isol	6	CBL	+
Spneumo-pang	1	cbl	none	23	NA	8260593	54413499	0	cbl.spneumo_pangenome_k32.S_none.k_23.d_na	NA	NA	5.710000000000001	209176	1.34	206088	Str	2780000	5.710000000000001	209176	cbl - none	199.58663984534766	199.58663984534766	0.48201438848920863	stream	6	CBL	
Spneumo-pang	1	fmsi	global	23	NA	8260593	4467032	0	fmsi.spneumo_pangenome_k32.S_global.k_23.d_na	22.37	388284	2.55	177812	1.87	6816	Neg	1000000	24.92	388284	fmsi - global	6.600978888561633	6.600978888561633	1.87	isol	7	FMSI(superstr)	-
Spneumo-pang	1	fmsi	global	23	NA	8260593	4467032	0	fmsi.spneumo_pangenome_k32.S_global.k_23.d_na	22.37	388284	2.55	177812	2.51	6816	Pos	1000000	24.92	388284	fmsi - global	6.600978888561633	6.600978888561633	2.51	isol	7	FMSI(superstr)	+
Spneumo-pang	1	fmsi	global	23	NA	8260593	4467032	0	fmsi.spneumo_pangenome_k32.S_global.k_23.d_na	22.37	388284	2.55	177812	1.87	8200	Str	2780000	24.92	388284	fmsi - global	7.941318498562997	7.941318498562997	0.6726618705035972	stream	7	FMSI(superstr)	
Spneumo-pang	1	fmsi	local	23	1	8260593	5831770	0	fmsi.spneumo_pangenome_k32.S_local.k_23.d_1	5.88	141384	3.34	212372	1.88	8340	Neg	1000000	9.22	212372	fmsi - local	8.076901985123829	8.076901985123829	1.88	isol	8	FMSI(spss)	-
Spneumo-pang	1	fmsi	local	23	1	8260593	5831770	0	fmsi.spneumo_pangenome_k32.S_local.k_23.d_1	5.88	141384	3.34	212372	2.5399999999999996	8340	Pos	1000000	9.22	212372	fmsi - local	8.076901985123829	8.076901985123829	2.5399999999999996	isol	8	FMSI(spss)	+
Spneumo-pang	1	fmsi	local	23	1	8260593	5831770	0	fmsi.spneumo_pangenome_k32.S_local.k_23.d_1	5.88	141384	3.34	212372	2.01	9516	Str	2780000	9.22	212372	fmsi - local	9.215803272234814	9.215803272234814	0.7230215827338129	stream	8	FMSI(spss)	
Spneumo-pang	1	sbwt	none	23	0	8260593	9826968	0	sbwt.spneumo_pangenome_k32.S_none.k_23.d_0	NA	NA	10.38	185756	0.51	38808	Neg	1000000	10.38	185756	sbwt - none	37.583742474662536	37.583742474662536	0.51	isol	3	SBWT-fast	-
Spneumo-pang	1	sbwt	none	23	0	8260593	9826968	0	sbwt.spneumo_pangenome_k32.S_none.k_23.d_0	NA	NA	10.38	185756	1.03	38808	Pos	1000000	10.38	185756	sbwt - none	37.583742474662536	37.583742474662536	1.03	isol	3	SBWT-fast	+
Spneumo-pang	1	sbwt	none	23	0	8260593	9826968	0	sbwt.spneumo_pangenome_k32.S_none.k_23.d_0	NA	NA	10.38	185756	0.34	40916	Str	2780000	10.38	185756	sbwt - none	39.625242400878484	39.625242400878484	0.1223021582733813	stream	3	SBWT-fast	
Spneumo-pang	1	sbwt	none	23	1	8260593	4147546	0	sbwt.spneumo_pangenome_k32.S_none.k_23.d_1	NA	NA	9.37	120280	3.72	33528	Neg	1000000	9.37	120280	sbwt - none	32.47030812436831	32.47030812436831	3.72	isol	4	SBWT-small	-
Spneumo-pang	1	sbwt	none	23	1	8260593	4147546	0	sbwt.spneumo_pangenome_k32.S_none.k_23.d_1	NA	NA	9.37	120280	10.6	33528	Pos	1000000	9.37	120280	sbwt - none	32.47030812436831	32.47030812436831	10.6	isol	4	SBWT-small	+
Spneumo-pang	1	sbwt	none	23	1	8260593	4147546	0	sbwt.spneumo_pangenome_k32.S_none.k_23.d_1	NA	NA	9.37	120280	6.46	34580	Str	2780000	9.37	120280	sbwt - none	33.489121180525416	33.489121180525416	2.323741007194245	stream	4	SBWT-small	
Spneumo-pang	1	SSHash	prophasm	31	NA	9627755	7650268	0	sshash.spneumo_pangenome_k32.S_prophasm.k_31.d_na	14.05	418744	1.73	91944	1.85	11380	Neg	1000000	15.78	418744	SSHash - prophasm	9.45599467373235	9.45599467373235	1.85	isol	2	SSHash(spss)	-
Spneumo-pang	1	SSHash	prophasm	31	NA	9627755	7650268	0	sshash.spneumo_pangenome_k32.S_prophasm.k_31.d_na	14.05	418744	1.73	91944	1.64	11380	Pos	1000000	15.78	418744	SSHash - prophasm	9.45599467373235	9.45599467373235	1.64	isol	2	SSHash(spss)	+
Spneumo-pang	1	SSHash	prophasm	31	NA	9627755	7650268	0	sshash.spneumo_pangenome_k32.S_prophasm.k_31.d_na	14.05	418744	1.73	91944	0.49	11380	Str	2700000	15.78	418744	SSHash - prophasm	9.45599467373235	9.45599467373235	0.1814814814814815	stream	2	SSHash(spss)	
Spneumo-pang	1	bwa	prophasm	31	NA	9627755	29900020	0	bwa.spneumo_pangenome_k32.S_prophasm.k_31.d_na	14.05	418744	5.739999999999999	152736	8.209999999999999	39420	Neg	1000000	19.79	418744	bwa - prophasm	32.755299651891846	32.755299651891846	8.209999999999999	isol	1	BWA(spss)	-
Spneumo-pang	1	bwa	prophasm	31	NA	9627755	29900020	0	bwa.spneumo_pangenome_k32.S_prophasm.k_31.d_na	14.05	418744	5.739999999999999	152736	4.9	39420	Pos	1000000	19.79	418744	bwa - prophasm	32.755299651891846	32.755299651891846	4.9	isol	1	BWA(spss)	+
Spneumo-pang	1	bwa	prophasm	31	NA	9627755	29900020	0	bwa.spneumo_pangenome_k32.S_prophasm.k_31.d_na	14.05	418744	5.739999999999999	152736	0.89	39100	Str	2700000	19.79	418744	bwa - prophasm	32.48940173488004	32.48940173488004	0.3296296296296296	stream	1	BWA(spss)	
Spneumo-pang	1	cbl	none	31	NA	9627755	74708361	0	cbl.spneumo_pangenome_k32.S_none.k_31.d_na	NA	NA	3.98	201560	1.3	189308	Neg	1000000	3.98	201560	cbl - none	157.30188398022176	157.30188398022176	1.3	isol	6	CBL	-
Spneumo-pang	1	cbl	none	31	NA	9627755	74708361	0	cbl.spneumo_pangenome_k32.S_none.k_31.d_na	NA	NA	3.98	201560	1.81	189308	Pos	1000000	3.98	201560	cbl - none	157.30188398022176	157.30188398022176	1.81	isol	6	CBL	+
Spneumo-pang	1	cbl	none	31	NA	9627755	74708361	0	cbl.spneumo_pangenome_k32.S_none.k_31.d_na	NA	NA	3.98	201560	1.4300000000000002	189312	Str	2700000	3.98	201560	cbl - none	157.30520770418443	157.30520770418443	0.5296296296296297	stream	6	CBL	
Spneumo-pang	1	fmsi	global	31	NA	9627755	5474881	0	fmsi.spneumo_pangenome_k32.S_global.k_31.d_na	31.15	446376	3.32	214468	2.21	7604	Neg	1000000	34.47	446376	fmsi - global	6.318399252993039	6.318399252993039	2.21	isol	7	FMSI(superstr)	-
Spneumo-pang	1	fmsi	global	31	NA	9627755	5474881	0	fmsi.spneumo_pangenome_k32.S_global.k_31.d_na	31.15	446376	3.32	214468	3.19	7604	Pos	1000000	34.47	446376	fmsi - global	6.318399252993039	6.318399252993039	3.19	isol	7	FMSI(superstr)	+
Spneumo-pang	1	fmsi	global	31	NA	9627755	5474881	0	fmsi.spneumo_pangenome_k32.S_global.k_31.d_na	31.15	446376	3.32	214468	2.3499999999999996	9308	Str	2700000	34.47	446376	fmsi - global	7.7343056610809064	7.7343056610809064	0.8703703703703702	stream	7	FMSI(superstr)	
Spneumo-pang	1	fmsi	local	31	1	9627755	7125428	0	fmsi.spneumo_pangenome_k32.S_local.k_31.d_1	6.61	141384	4.06	256668	1.91	8924	Neg	1000000	10.67	256668	fmsi - local	7.415228160666739	7.415228160666739	1.91	isol	8	FMSI(spss)	-
Spneumo-pang	1	fmsi	local	31	1	9627755	7125428	0	fmsi.spneumo_pangenome_k32.S_local.k_31.d_1	6.61	141384	4.06	256668	3.74	8924	Pos	1000000	10.67	256668	fmsi - local	7.415228160666739	7.415228160666739	3.74	isol	8	FMSI(spss)	+
Spneumo-pang	1	fmsi	local	31	1	9627755	7125428	0	fmsi.spneumo_pangenome_k32.S_local.k_31.d_1	6.61	141384	4.06	256668	2.3	10836	Str	2700000	10.67	256668	fmsi - local	9.00396821481228	9.00396821481228	0.8518518518518519	stream	8	FMSI(spss)	
Spneumo-pang	1	sbwt	none	31	0	9627755	11280824	0	sbwt.spneumo_pangenome_k32.S_none.k_31.d_0	NA	NA	12.46	349804	0.54	40324	Neg	1000000	12.46	349804	sbwt - none	33.5064612674502	33.5064612674502	0.54	isol	3	SBWT-fast	-
Spneumo-pang	1	sbwt	none	31	0	9627755	11280824	0	sbwt.spneumo_pangenome_k32.S_none.k_31.d_0	NA	NA	12.46	349804	1.46	40324	Pos	1000000	12.46	349804	sbwt - none	33.5064612674502	33.5064612674502	1.46	isol	3	SBWT-fast	+
Spneumo-pang	1	sbwt	none	31	0	9627755	11280824	0	sbwt.spneumo_pangenome_k32.S_none.k_31.d_0	NA	NA	12.46	349804	0.32	42696	Str	2700000	12.46	349804	sbwt - none	35.477429577300214	35.477429577300214	0.11851851851851852	stream	3	SBWT-fast	
Spneumo-pang	1	sbwt	none	31	1	9627755	4495890	0	sbwt.spneumo_pangenome_k32.S_none.k_31.d_1	NA	NA	9.85	193700	3.65	33788	Neg	1000000	9.85	193700	sbwt - none	28.075496312484063	28.075496312484063	3.65	isol	4	SBWT-small	-
Spneumo-pang	1	sbwt	none	31	1	9627755	4495890	0	sbwt.spneumo_pangenome_k32.S_none.k_31.d_1	NA	NA	9.85	193700	12.37	33788	Pos	1000000	9.85	193700	sbwt - none	28.075496312484063	28.075496312484063	12.37	isol	4	SBWT-small	+
Spneumo-pang	1	sbwt	none	31	1	9627755	4495890	0	sbwt.spneumo_pangenome_k32.S_none.k_31.d_1	NA	NA	9.85	193700	10.28	35108	Str	2700000	9.85	193700	sbwt - none	29.172325220157763	29.172325220157763	3.8074074074074074	stream	4	SBWT-small	
